Program,Year,Period,Week Ending,Geo Level,State,State ANSI,Ag District,Ag District Code,County,County ANSI,Zip Code,Region,watershed_code,Watershed,Commodity,Data Item,Domain,Domain Category,Value,CV (%)
SURVEY,2017,YEAR,,STATE,ALABAMA,1,,,,,,,0,,CROP TOTALS,"CROP TOTALS, (EXCL HORTICULTURE) - PRODUCTION, MEASURED IN $",TOTAL,NOT SPECIFIED,1043656000,
SURVEY,2017,YEAR,,STATE,ARIZONA,4,,,,,,,0,,CROP TOTALS,"CROP TOTALS, (EXCL HORTICULTURE) - PRODUCTION, MEASURED IN $",TOTAL,NOT SPECIFIED,2576661000,
SURVEY,2017,YEAR,,STATE,ARKANSAS,5,,,,,,,0,,CROP TOTALS,"CROP TOTALS, (EXCL HORTICULTURE) - PRODUCTION, MEASURED IN $",TOTAL,NOT SPECIFIED,3819332000,
SURVEY,2017,YEAR,,STATE,CALIFORNIA,6,,,,,,,0,,CROP TOTALS,"CROP TOTALS, (EXCL HORTICULTURE) - PRODUCTION, MEASURED IN $",TOTAL,NOT SPECIFIED,33466945000,
SURVEY,2017,YEAR,,STATE,COLORADO,8,,,,,,,0,,CROP TOTALS,"CROP TOTALS, (EXCL HORTICULTURE) - PRODUCTION, MEASURED IN $",TOTAL,NOT SPECIFIED,,
SURVEY,2017,YEAR,,STATE,CONNECTICUT,9,,,,,,,0,,CROP TOTALS,"CROP TOTALS, (EXCL HORTICULTURE) - PRODUCTION, MEASURED IN $",TOTAL,NOT SPECIFIED,38583000,
SURVEY,2017,YEAR,,STATE,DELAWARE,10,,,,,,,0,,CROP TOTALS,"CROP TOTALS, (EXCL HORTICULTURE) - PRODUCTION, MEASURED IN $",TOTAL,NOT SPECIFIED,,
SURVEY,2017,YEAR,,STATE,FLORIDA,12,,,,,,,0,,CROP TOTALS,"CROP TOTALS, (EXCL HORTICULTURE) - PRODUCTION, MEASURED IN $",TOTAL,NOT SPECIFIED,3860095000,
SURVEY,2017,YEAR,,STATE,GEORGIA,13,,,,,,,0,,CROP TOTALS,"CROP TOTALS, (EXCL HORTICULTURE) - PRODUCTION, MEASURED IN $",TOTAL,NOT SPECIFIED,2988429000,
SURVEY,2017,YEAR,,STATE,HAWAII,15,,,,,,,0,,CROP TOTALS,"CROP TOTALS, (EXCL HORTICULTURE) - PRODUCTION, MEASURED IN $",TOTAL,NOT SPECIFIED,117220000,
SURVEY,2017,YEAR,,STATE,IDAHO,16,,,,,,,0,,CROP TOTALS,"CROP TOTALS, (EXCL HORTICULTURE) - PRODUCTION, MEASURED IN $",TOTAL,NOT SPECIFIED,3028601000,
SURVEY,2017,YEAR,,STATE,ILLINOIS,17,,,,,,,0,,CROP TOTALS,"CROP TOTALS, (EXCL HORTICULTURE) - PRODUCTION, MEASURED IN $",TOTAL,NOT SPECIFIED,13891611000,
SURVEY,2017,YEAR,,STATE,INDIANA,18,,,,,,,0,,CROP TOTALS,"CROP TOTALS, (EXCL HORTICULTURE) - PRODUCTION, MEASURED IN $",TOTAL,NOT SPECIFIED,6844995000,
SURVEY,2017,YEAR,,STATE,IOWA,19,,,,,,,0,,CROP TOTALS,"CROP TOTALS, (EXCL HORTICULTURE) - PRODUCTION, MEASURED IN $",TOTAL,NOT SPECIFIED,14243839000,
SURVEY,2017,YEAR,,STATE,KANSAS,20,,,,,,,0,,CROP TOTALS,"CROP TOTALS, (EXCL HORTICULTURE) - PRODUCTION, MEASURED IN $",TOTAL,NOT SPECIFIED,6618596000,
SURVEY,2017,YEAR,,STATE,KENTUCKY,21,,,,,,,0,,CROP TOTALS,"CROP TOTALS, (EXCL HORTICULTURE) - PRODUCTION, MEASURED IN $",TOTAL,NOT SPECIFIED,2925760000,
SURVEY,2017,YEAR,,STATE,LOUISIANA,22,,,,,,,0,,CROP TOTALS,"CROP TOTALS, (EXCL HORTICULTURE) - PRODUCTION, MEASURED IN $",TOTAL,NOT SPECIFIED,1970705000,
SURVEY,2017,YEAR,,STATE,MAINE,23,,,,,,,0,,CROP TOTALS,"CROP TOTALS, (EXCL HORTICULTURE) - PRODUCTION, MEASURED IN $",TOTAL,NOT SPECIFIED,252112000,
SURVEY,2017,YEAR,,STATE,MARYLAND,24,,,,,,,0,,CROP TOTALS,"CROP TOTALS, (EXCL HORTICULTURE) - PRODUCTION, MEASURED IN $",TOTAL,NOT SPECIFIED,,
SURVEY,2017,YEAR,,STATE,MASSACHUSETTS,25,,,,,,,0,,CROP TOTALS,"CROP TOTALS, (EXCL HORTICULTURE) - PRODUCTION, MEASURED IN $",TOTAL,NOT SPECIFIED,101104000,
SURVEY,2017,YEAR,,STATE,MICHIGAN,26,,,,,,,0,,CROP TOTALS,"CROP TOTALS, (EXCL HORTICULTURE) - PRODUCTION, MEASURED IN $",TOTAL,NOT SPECIFIED,3669815000,
SURVEY,2017,YEAR,,STATE,MINNESOTA,27,,,,,,,0,,CROP TOTALS,"CROP TOTALS, (EXCL HORTICULTURE) - PRODUCTION, MEASURED IN $",TOTAL,NOT SPECIFIED,10069272000,
SURVEY,2017,YEAR,,STATE,MISSISSIPPI,28,,,,,,,0,,CROP TOTALS,"CROP TOTALS, (EXCL HORTICULTURE) - PRODUCTION, MEASURED IN $",TOTAL,NOT SPECIFIED,2382251000,
SURVEY,2017,YEAR,,STATE,MISSOURI,29,,,,,,,0,,CROP TOTALS,"CROP TOTALS, (EXCL HORTICULTURE) - PRODUCTION, MEASURED IN $",TOTAL,NOT SPECIFIED,5895255000,
SURVEY,2017,YEAR,,STATE,MONTANA,30,,,,,,,0,,CROP TOTALS,"CROP TOTALS, (EXCL HORTICULTURE) - PRODUCTION, MEASURED IN $",TOTAL,NOT SPECIFIED,1888119000,
SURVEY,2017,YEAR,,STATE,NEBRASKA,31,,,,,,,0,,CROP TOTALS,"CROP TOTALS, (EXCL HORTICULTURE) - PRODUCTION, MEASURED IN $",TOTAL,NOT SPECIFIED,9641009000,
SURVEY,2017,YEAR,,STATE,NEVADA,32,,,,,,,0,,CROP TOTALS,"CROP TOTALS, (EXCL HORTICULTURE) - PRODUCTION, MEASURED IN $",TOTAL,NOT SPECIFIED,226561000,
SURVEY,2017,YEAR,,STATE,NEW HAMPSHIRE,33,,,,,,,0,,CROP TOTALS,"CROP TOTALS, (EXCL HORTICULTURE) - PRODUCTION, MEASURED IN $",TOTAL,NOT SPECIFIED,17040000,
SURVEY,2017,YEAR,,STATE,NEW JERSEY,34,,,,,,,0,,CROP TOTALS,"CROP TOTALS, (EXCL HORTICULTURE) - PRODUCTION, MEASURED IN $",TOTAL,NOT SPECIFIED,472279000,
SURVEY,2017,YEAR,,STATE,NEW MEXICO,35,,,,,,,0,,CROP TOTALS,"CROP TOTALS, (EXCL HORTICULTURE) - PRODUCTION, MEASURED IN $",TOTAL,NOT SPECIFIED,647185000,
SURVEY,2017,YEAR,,STATE,NEW YORK,36,,,,,,,0,,CROP TOTALS,"CROP TOTALS, (EXCL HORTICULTURE) - PRODUCTION, MEASURED IN $",TOTAL,NOT SPECIFIED,1701224000,
SURVEY,2017,YEAR,,STATE,NORTH CAROLINA,37,,,,,,,0,,CROP TOTALS,"CROP TOTALS, (EXCL HORTICULTURE) - PRODUCTION, MEASURED IN $",TOTAL,NOT SPECIFIED,3162348000,
SURVEY,2017,YEAR,,STATE,NORTH DAKOTA,38,,,,,,,0,,CROP TOTALS,"CROP TOTALS, (EXCL HORTICULTURE) - PRODUCTION, MEASURED IN $",TOTAL,NOT SPECIFIED,6874196000,
SURVEY,2017,YEAR,,STATE,OHIO,39,,,,,,,0,,CROP TOTALS,"CROP TOTALS, (EXCL HORTICULTURE) - PRODUCTION, MEASURED IN $",TOTAL,NOT SPECIFIED,5084587000,
SURVEY,2017,YEAR,,STATE,OKLAHOMA,40,,,,,,,0,,CROP TOTALS,"CROP TOTALS, (EXCL HORTICULTURE) - PRODUCTION, MEASURED IN $",TOTAL,NOT SPECIFIED,1699571000,
SURVEY,2017,YEAR,,STATE,OREGON,41,,,,,,,0,,CROP TOTALS,"CROP TOTALS, (EXCL HORTICULTURE) - PRODUCTION, MEASURED IN $",TOTAL,NOT SPECIFIED,,
SURVEY,2017,YEAR,,STATE,PENNSYLVANIA,42,,,,,,,0,,CROP TOTALS,"CROP TOTALS, (EXCL HORTICULTURE) - PRODUCTION, MEASURED IN $",TOTAL,NOT SPECIFIED,2415510000,
SURVEY,2017,YEAR,,STATE,RHODE ISLAND,44,,,,,,,0,,CROP TOTALS,"CROP TOTALS, (EXCL HORTICULTURE) - PRODUCTION, MEASURED IN $",TOTAL,NOT SPECIFIED,1650000,
SURVEY,2017,YEAR,,STATE,SOUTH CAROLINA,45,,,,,,,0,,CROP TOTALS,"CROP TOTALS, (EXCL HORTICULTURE) - PRODUCTION, MEASURED IN $",TOTAL,NOT SPECIFIED,,
SURVEY,2017,YEAR,,STATE,SOUTH DAKOTA,46,,,,,,,0,,CROP TOTALS,"CROP TOTALS, (EXCL HORTICULTURE) - PRODUCTION, MEASURED IN $",TOTAL,NOT SPECIFIED,5388529000,
SURVEY,2017,YEAR,,STATE,TENNESSEE,47,,,,,,,0,,CROP TOTALS,"CROP TOTALS, (EXCL HORTICULTURE) - PRODUCTION, MEASURED IN $",TOTAL,NOT SPECIFIED,2210339000,
SURVEY,2017,YEAR,,STATE,TEXAS,48,,,,,,,0,,CROP TOTALS,"CROP TOTALS, (EXCL HORTICULTURE) - PRODUCTION, MEASURED IN $",TOTAL,NOT SPECIFIED,7351608000,
SURVEY,2017,YEAR,,STATE,UTAH,49,,,,,,,0,,CROP TOTALS,"CROP TOTALS, (EXCL HORTICULTURE) - PRODUCTION, MEASURED IN $",TOTAL,NOT SPECIFIED,422073000,
SURVEY,2017,YEAR,,STATE,VERMONT,50,,,,,,,0,,CROP TOTALS,"CROP TOTALS, (EXCL HORTICULTURE) - PRODUCTION, MEASURED IN $",TOTAL,NOT SPECIFIED,125033000,
SURVEY,2017,YEAR,,STATE,VIRGINIA,51,,,,,,,0,,CROP TOTALS,"CROP TOTALS, (EXCL HORTICULTURE) - PRODUCTION, MEASURED IN $",TOTAL,NOT SPECIFIED,1190273000,
SURVEY,2017,YEAR,,STATE,WASHINGTON,53,,,,,,,0,,CROP TOTALS,"CROP TOTALS, (EXCL HORTICULTURE) - PRODUCTION, MEASURED IN $",TOTAL,NOT SPECIFIED,6733639000,
SURVEY,2017,YEAR,,STATE,WEST VIRGINIA,54,,,,,,,0,,CROP TOTALS,"CROP TOTALS, (EXCL HORTICULTURE) - PRODUCTION, MEASURED IN $",TOTAL,NOT SPECIFIED,179414000,
SURVEY,2017,YEAR,,STATE,WISCONSIN,55,,,,,,,0,,CROP TOTALS,"CROP TOTALS, (EXCL HORTICULTURE) - PRODUCTION, MEASURED IN $",TOTAL,NOT SPECIFIED,,
SURVEY,2017,YEAR,,STATE,WYOMING,56,,,,,,,0,,CROP TOTALS,"CROP TOTALS, (EXCL HORTICULTURE) - PRODUCTION, MEASURED IN $",TOTAL,NOT SPECIFIED,481089000,
SURVEY,2016,YEAR,,STATE,ALABAMA,1,,,,,,,0,,CROP TOTALS,"CROP TOTALS, (EXCL HORTICULTURE) - PRODUCTION, MEASURED IN $",TOTAL,NOT SPECIFIED,923012000,
SURVEY,2016,YEAR,,STATE,ARIZONA,4,,,,,,,0,,CROP TOTALS,"CROP TOTALS, (EXCL HORTICULTURE) - PRODUCTION, MEASURED IN $",TOTAL,NOT SPECIFIED,2147715000,
SURVEY,2016,YEAR,,STATE,ARKANSAS,5,,,,,,,0,,CROP TOTALS,"CROP TOTALS, (EXCL HORTICULTURE) - PRODUCTION, MEASURED IN $",TOTAL,NOT SPECIFIED,3561931000,
SURVEY,2016,YEAR,,STATE,CALIFORNIA,6,,,,,,,0,,CROP TOTALS,"CROP TOTALS, (EXCL HORTICULTURE) - PRODUCTION, MEASURED IN $",TOTAL,NOT SPECIFIED,31382226000,
SURVEY,2016,YEAR,,STATE,COLORADO,8,,,,,,,0,,CROP TOTALS,"CROP TOTALS, (EXCL HORTICULTURE) - PRODUCTION, MEASURED IN $",TOTAL,NOT SPECIFIED,,
SURVEY,2016,YEAR,,STATE,CONNECTICUT,9,,,,,,,0,,CROP TOTALS,"CROP TOTALS, (EXCL HORTICULTURE) - PRODUCTION, MEASURED IN $",TOTAL,NOT SPECIFIED,27458000,
SURVEY,2016,YEAR,,STATE,DELAWARE,10,,,,,,,0,,CROP TOTALS,"CROP TOTALS, (EXCL HORTICULTURE) - PRODUCTION, MEASURED IN $",TOTAL,NOT SPECIFIED,,
SURVEY,2016,YEAR,,STATE,FLORIDA,12,,,,,,,0,,CROP TOTALS,"CROP TOTALS, (EXCL HORTICULTURE) - PRODUCTION, MEASURED IN $",TOTAL,NOT SPECIFIED,3901138000,
SURVEY,2016,YEAR,,STATE,GEORGIA,13,,,,,,,0,,CROP TOTALS,"CROP TOTALS, (EXCL HORTICULTURE) - PRODUCTION, MEASURED IN $",TOTAL,NOT SPECIFIED,2730761000,
SURVEY,2016,YEAR,,STATE,HAWAII,15,,,,,,,0,,CROP TOTALS,"CROP TOTALS, (EXCL HORTICULTURE) - PRODUCTION, MEASURED IN $",TOTAL,NOT SPECIFIED,164782000,
SURVEY,2016,YEAR,,STATE,IDAHO,16,,,,,,,0,,CROP TOTALS,"CROP TOTALS, (EXCL HORTICULTURE) - PRODUCTION, MEASURED IN $",TOTAL,NOT SPECIFIED,3083809000,
SURVEY,2016,YEAR,,STATE,ILLINOIS,17,,,,,,,0,,CROP TOTALS,"CROP TOTALS, (EXCL HORTICULTURE) - PRODUCTION, MEASURED IN $",TOTAL,NOT SPECIFIED,14069300000,
SURVEY,2016,YEAR,,STATE,INDIANA,18,,,,,,,0,,CROP TOTALS,"CROP TOTALS, (EXCL HORTICULTURE) - PRODUCTION, MEASURED IN $",TOTAL,NOT SPECIFIED,7047403000,
SURVEY,2016,YEAR,,STATE,IOWA,19,,,,,,,0,,CROP TOTALS,"CROP TOTALS, (EXCL HORTICULTURE) - PRODUCTION, MEASURED IN $",TOTAL,NOT SPECIFIED,14630968000,
SURVEY,2016,YEAR,,STATE,KANSAS,20,,,,,,,0,,CROP TOTALS,"CROP TOTALS, (EXCL HORTICULTURE) - PRODUCTION, MEASURED IN $",TOTAL,NOT SPECIFIED,6806668000,
SURVEY,2016,YEAR,,STATE,KENTUCKY,21,,,,,,,0,,CROP TOTALS,"CROP TOTALS, (EXCL HORTICULTURE) - PRODUCTION, MEASURED IN $",TOTAL,NOT SPECIFIED,2809739000,
SURVEY,2016,YEAR,,STATE,LOUISIANA,22,,,,,,,0,,CROP TOTALS,"CROP TOTALS, (EXCL HORTICULTURE) - PRODUCTION, MEASURED IN $",TOTAL,NOT SPECIFIED,1784651000,
SURVEY,2016,YEAR,,STATE,MAINE,23,,,,,,,0,,CROP TOTALS,"CROP TOTALS, (EXCL HORTICULTURE) - PRODUCTION, MEASURED IN $",TOTAL,NOT SPECIFIED,277955000,
SURVEY,2016,YEAR,,STATE,MARYLAND,24,,,,,,,0,,CROP TOTALS,"CROP TOTALS, (EXCL HORTICULTURE) - PRODUCTION, MEASURED IN $",TOTAL,NOT SPECIFIED,702913000,
SURVEY,2016,YEAR,,STATE,MASSACHUSETTS,25,,,,,,,0,,CROP TOTALS,"CROP TOTALS, (EXCL HORTICULTURE) - PRODUCTION, MEASURED IN $",TOTAL,NOT SPECIFIED,109941000,
SURVEY,2016,YEAR,,STATE,MICHIGAN,26,,,,,,,0,,CROP TOTALS,"CROP TOTALS, (EXCL HORTICULTURE) - PRODUCTION, MEASURED IN $",TOTAL,NOT SPECIFIED,3926839000,
SURVEY,2016,YEAR,,STATE,MINNESOTA,27,,,,,,,0,,CROP TOTALS,"CROP TOTALS, (EXCL HORTICULTURE) - PRODUCTION, MEASURED IN $",TOTAL,NOT SPECIFIED,10106232000,
SURVEY,2016,YEAR,,STATE,MISSISSIPPI,28,,,,,,,0,,CROP TOTALS,"CROP TOTALS, (EXCL HORTICULTURE) - PRODUCTION, MEASURED IN $",TOTAL,NOT SPECIFIED,2252584000,
SURVEY,2016,YEAR,,STATE,MISSOURI,29,,,,,,,0,,CROP TOTALS,"CROP TOTALS, (EXCL HORTICULTURE) - PRODUCTION, MEASURED IN $",TOTAL,NOT SPECIFIED,5695500000,
SURVEY,2016,YEAR,,STATE,MONTANA,30,,,,,,,0,,CROP TOTALS,"CROP TOTALS, (EXCL HORTICULTURE) - PRODUCTION, MEASURED IN $",TOTAL,NOT SPECIFIED,2392936000,
SURVEY,2016,YEAR,,STATE,NEBRASKA,31,,,,,,,0,,CROP TOTALS,"CROP TOTALS, (EXCL HORTICULTURE) - PRODUCTION, MEASURED IN $",TOTAL,NOT SPECIFIED,9461748000,
SURVEY,2016,YEAR,,STATE,NEVADA,32,,,,,,,0,,CROP TOTALS,"CROP TOTALS, (EXCL HORTICULTURE) - PRODUCTION, MEASURED IN $",TOTAL,NOT SPECIFIED,172307000,
SURVEY,2016,YEAR,,STATE,NEW HAMPSHIRE,33,,,,,,,0,,CROP TOTALS,"CROP TOTALS, (EXCL HORTICULTURE) - PRODUCTION, MEASURED IN $",TOTAL,NOT SPECIFIED,28965000,
SURVEY,2016,YEAR,,STATE,NEW JERSEY,34,,,,,,,0,,CROP TOTALS,"CROP TOTALS, (EXCL HORTICULTURE) - PRODUCTION, MEASURED IN $",TOTAL,NOT SPECIFIED,431876000,
SURVEY,2016,YEAR,,STATE,NEW MEXICO,35,,,,,,,0,,CROP TOTALS,"CROP TOTALS, (EXCL HORTICULTURE) - PRODUCTION, MEASURED IN $",TOTAL,NOT SPECIFIED,620500000,
SURVEY,2016,YEAR,,STATE,NEW YORK,36,,,,,,,0,,CROP TOTALS,"CROP TOTALS, (EXCL HORTICULTURE) - PRODUCTION, MEASURED IN $",TOTAL,NOT SPECIFIED,1674794000,
SURVEY,2016,YEAR,,STATE,NORTH CAROLINA,37,,,,,,,0,,CROP TOTALS,"CROP TOTALS, (EXCL HORTICULTURE) - PRODUCTION, MEASURED IN $",TOTAL,NOT SPECIFIED,2817448000,
SURVEY,2016,YEAR,,STATE,NORTH DAKOTA,38,,,,,,,0,,CROP TOTALS,"CROP TOTALS, (EXCL HORTICULTURE) - PRODUCTION, MEASURED IN $",TOTAL,NOT SPECIFIED,7559528000,
SURVEY,2016,YEAR,,STATE,OHIO,39,,,,,,,0,,CROP TOTALS,"CROP TOTALS, (EXCL HORTICULTURE) - PRODUCTION, MEASURED IN $",TOTAL,NOT SPECIFIED,5126432000,
SURVEY,2016,YEAR,,STATE,OKLAHOMA,40,,,,,,,0,,CROP TOTALS,"CROP TOTALS, (EXCL HORTICULTURE) - PRODUCTION, MEASURED IN $",TOTAL,NOT SPECIFIED,1583766000,
SURVEY,2016,YEAR,,STATE,OREGON,41,,,,,,,0,,CROP TOTALS,"CROP TOTALS, (EXCL HORTICULTURE) - PRODUCTION, MEASURED IN $",TOTAL,NOT SPECIFIED,,
SURVEY,2016,YEAR,,STATE,PENNSYLVANIA,42,,,,,,,0,,CROP TOTALS,"CROP TOTALS, (EXCL HORTICULTURE) - PRODUCTION, MEASURED IN $",TOTAL,NOT SPECIFIED,2214898000,
SURVEY,2016,YEAR,,STATE,RHODE ISLAND,44,,,,,,,0,,CROP TOTALS,"CROP TOTALS, (EXCL HORTICULTURE) - PRODUCTION, MEASURED IN $",TOTAL,NOT SPECIFIED,1458000,
SURVEY,2016,YEAR,,STATE,SOUTH CAROLINA,45,,,,,,,0,,CROP TOTALS,"CROP TOTALS, (EXCL HORTICULTURE) - PRODUCTION, MEASURED IN $",TOTAL,NOT SPECIFIED,708183000,
SURVEY,2016,YEAR,,STATE,SOUTH DAKOTA,46,,,,,,,0,,CROP TOTALS,"CROP TOTALS, (EXCL HORTICULTURE) - PRODUCTION, MEASURED IN $",TOTAL,NOT SPECIFIED,6040214000,
SURVEY,2016,YEAR,,STATE,TENNESSEE,47,,,,,,,0,,CROP TOTALS,"CROP TOTALS, (EXCL HORTICULTURE) - PRODUCTION, MEASURED IN $",TOTAL,NOT SPECIFIED,2121694000,
SURVEY,2016,YEAR,,STATE,TEXAS,48,,,,,,,0,,CROP TOTALS,"CROP TOTALS, (EXCL HORTICULTURE) - PRODUCTION, MEASURED IN $",TOTAL,NOT SPECIFIED,7253104000,
SURVEY,2016,YEAR,,STATE,UTAH,49,,,,,,,0,,CROP TOTALS,"CROP TOTALS, (EXCL HORTICULTURE) - PRODUCTION, MEASURED IN $",TOTAL,NOT SPECIFIED,407011000,
SURVEY,2016,YEAR,,STATE,VERMONT,50,,,,,,,0,,CROP TOTALS,"CROP TOTALS, (EXCL HORTICULTURE) - PRODUCTION, MEASURED IN $",TOTAL,NOT SPECIFIED,126019000,
SURVEY,2016,YEAR,,STATE,VIRGINIA,51,,,,,,,0,,CROP TOTALS,"CROP TOTALS, (EXCL HORTICULTURE) - PRODUCTION, MEASURED IN $",TOTAL,NOT SPECIFIED,,
SURVEY,2016,YEAR,,STATE,WASHINGTON,53,,,,,,,0,,CROP TOTALS,"CROP TOTALS, (EXCL HORTICULTURE) - PRODUCTION, MEASURED IN $",TOTAL,NOT SPECIFIED,6794910000,
SURVEY,2016,YEAR,,STATE,WEST VIRGINIA,54,,,,,,,0,,CROP TOTALS,"CROP TOTALS, (EXCL HORTICULTURE) - PRODUCTION, MEASURED IN $",TOTAL,NOT SPECIFIED,180600000,
SURVEY,2016,YEAR,,STATE,WISCONSIN,55,,,,,,,0,,CROP TOTALS,"CROP TOTALS, (EXCL HORTICULTURE) - PRODUCTION, MEASURED IN $",TOTAL,NOT SPECIFIED,,
SURVEY,2016,YEAR,,STATE,WYOMING,56,,,,,,,0,,CROP TOTALS,"CROP TOTALS, (EXCL HORTICULTURE) - PRODUCTION, MEASURED IN $",TOTAL,NOT SPECIFIED,404659000,
SURVEY,2015,YEAR,,STATE,ALABAMA,1,,,,,,,0,,CROP TOTALS,"CROP TOTALS, (EXCL HORTICULTURE) - PRODUCTION, MEASURED IN $",TOTAL,NOT SPECIFIED,1005733000,
SURVEY,2015,YEAR,,STATE,ARIZONA,4,,,,,,,0,,CROP TOTALS,"CROP TOTALS, (EXCL HORTICULTURE) - PRODUCTION, MEASURED IN $",TOTAL,NOT SPECIFIED,1942539000,
SURVEY,2015,YEAR,,STATE,ARKANSAS,5,,,,,,,0,,CROP TOTALS,"CROP TOTALS, (EXCL HORTICULTURE) - PRODUCTION, MEASURED IN $",TOTAL,NOT SPECIFIED,3602502000,
SURVEY,2015,YEAR,,STATE,CALIFORNIA,6,,,,,,,0,,CROP TOTALS,"CROP TOTALS, (EXCL HORTICULTURE) - PRODUCTION, MEASURED IN $",TOTAL,NOT SPECIFIED,31272380000,
SURVEY,2015,YEAR,,STATE,COLORADO,8,,,,,,,0,,CROP TOTALS,"CROP TOTALS, (EXCL HORTICULTURE) - PRODUCTION, MEASURED IN $",TOTAL,NOT SPECIFIED,2142134000,
SURVEY,2015,YEAR,,STATE,CONNECTICUT,9,,,,,,,0,,CROP TOTALS,"CROP TOTALS, (EXCL HORTICULTURE) - PRODUCTION, MEASURED IN $",TOTAL,NOT SPECIFIED,77376000,
SURVEY,2015,YEAR,,STATE,DELAWARE,10,,,,,,,0,,CROP TOTALS,"CROP TOTALS, (EXCL HORTICULTURE) - PRODUCTION, MEASURED IN $",TOTAL,NOT SPECIFIED,271590000,
SURVEY,2015,YEAR,,STATE,FLORIDA,12,,,,,,,0,,CROP TOTALS,"CROP TOTALS, (EXCL HORTICULTURE) - PRODUCTION, MEASURED IN $",TOTAL,NOT SPECIFIED,4128446000,
SURVEY,2015,YEAR,,STATE,GEORGIA,13,,,,,,,0,,CROP TOTALS,"CROP TOTALS, (EXCL HORTICULTURE) - PRODUCTION, MEASURED IN $",TOTAL,NOT SPECIFIED,2888688000,
SURVEY,2015,YEAR,,STATE,HAWAII,15,,,,,,,0,,CROP TOTALS,"CROP TOTALS, (EXCL HORTICULTURE) - PRODUCTION, MEASURED IN $",TOTAL,NOT SPECIFIED,163147000,
SURVEY,2015,YEAR,,STATE,IDAHO,16,,,,,,,0,,CROP TOTALS,"CROP TOTALS, (EXCL HORTICULTURE) - PRODUCTION, MEASURED IN $",TOTAL,NOT SPECIFIED,3141128000,
SURVEY,2015,YEAR,,STATE,ILLINOIS,17,,,,,,,0,,CROP TOTALS,"CROP TOTALS, (EXCL HORTICULTURE) - PRODUCTION, MEASURED IN $",TOTAL,NOT SPECIFIED,12864922000,
SURVEY,2015,YEAR,,STATE,INDIANA,18,,,,,,,0,,CROP TOTALS,"CROP TOTALS, (EXCL HORTICULTURE) - PRODUCTION, MEASURED IN $",TOTAL,NOT SPECIFIED,6150603000,
SURVEY,2015,YEAR,,STATE,IOWA,19,,,,,,,0,,CROP TOTALS,"CROP TOTALS, (EXCL HORTICULTURE) - PRODUCTION, MEASURED IN $",TOTAL,NOT SPECIFIED,14198589000,
SURVEY,2015,YEAR,,STATE,KANSAS,20,,,,,,,0,,CROP TOTALS,"CROP TOTALS, (EXCL HORTICULTURE) - PRODUCTION, MEASURED IN $",TOTAL,NOT SPECIFIED,6452431000,
SURVEY,2015,YEAR,,STATE,KENTUCKY,21,,,,,,,0,,CROP TOTALS,"CROP TOTALS, (EXCL HORTICULTURE) - PRODUCTION, MEASURED IN $",TOTAL,NOT SPECIFIED,2869683000,
SURVEY,2015,YEAR,,STATE,LOUISIANA,22,,,,,,,0,,CROP TOTALS,"CROP TOTALS, (EXCL HORTICULTURE) - PRODUCTION, MEASURED IN $",TOTAL,NOT SPECIFIED,17458538000,
SURVEY,2015,YEAR,,STATE,MAINE,23,,,,,,,0,,CROP TOTALS,"CROP TOTALS, (EXCL HORTICULTURE) - PRODUCTION, MEASURED IN $",TOTAL,NOT SPECIFIED,297567000,
SURVEY,2015,YEAR,,STATE,MARYLAND,24,,,,,,,0,,CROP TOTALS,"CROP TOTALS, (EXCL HORTICULTURE) - PRODUCTION, MEASURED IN $",TOTAL,NOT SPECIFIED,665199000,
SURVEY,2015,YEAR,,STATE,MASSACHUSETTS,25,,,,,,,0,,CROP TOTALS,"CROP TOTALS, (EXCL HORTICULTURE) - PRODUCTION, MEASURED IN $",TOTAL,NOT SPECIFIED,163298000,
SURVEY,2015,YEAR,,STATE,MICHIGAN,26,,,,,,,0,,CROP TOTALS,"CROP TOTALS, (EXCL HORTICULTURE) - PRODUCTION, MEASURED IN $",TOTAL,NOT SPECIFIED,3991712000,
SURVEY,2015,YEAR,,STATE,MINNESOTA,27,,,,,,,0,,CROP TOTALS,"CROP TOTALS, (EXCL HORTICULTURE) - PRODUCTION, MEASURED IN $",TOTAL,NOT SPECIFIED,10011616000,
SURVEY,2015,YEAR,,STATE,MISSISSIPPI,28,,,,,,,0,,CROP TOTALS,"CROP TOTALS, (EXCL HORTICULTURE) - PRODUCTION, MEASURED IN $",TOTAL,NOT SPECIFIED,2073795000,
SURVEY,2015,YEAR,,STATE,MISSOURI,29,,,,,,,0,,CROP TOTALS,"CROP TOTALS, (EXCL HORTICULTURE) - PRODUCTION, MEASURED IN $",TOTAL,NOT SPECIFIED,4396742000,
SURVEY,2015,YEAR,,STATE,MONTANA,30,,,,,,,0,,CROP TOTALS,"CROP TOTALS, (EXCL HORTICULTURE) - PRODUCTION, MEASURED IN $",TOTAL,NOT SPECIFIED,2122117000,
SURVEY,2015,YEAR,,STATE,NEBRASKA,31,,,,,,,0,,CROP TOTALS,"CROP TOTALS, (EXCL HORTICULTURE) - PRODUCTION, MEASURED IN $",TOTAL,NOT SPECIFIED,9744516000,
SURVEY,2015,YEAR,,STATE,NEVADA,32,,,,,,,0,,CROP TOTALS,"CROP TOTALS, (EXCL HORTICULTURE) - PRODUCTION, MEASURED IN $",TOTAL,NOT SPECIFIED,236279000,
SURVEY,2015,YEAR,,STATE,NEW HAMPSHIRE,33,,,,,,,0,,CROP TOTALS,"CROP TOTALS, (EXCL HORTICULTURE) - PRODUCTION, MEASURED IN $",TOTAL,NOT SPECIFIED,43511000,
SURVEY,2015,YEAR,,STATE,NEW JERSEY,34,,,,,,,0,,CROP TOTALS,"CROP TOTALS, (EXCL HORTICULTURE) - PRODUCTION, MEASURED IN $",TOTAL,NOT SPECIFIED,426179000,
SURVEY,2015,YEAR,,STATE,NEW MEXICO,35,,,,,,,0,,CROP TOTALS,"CROP TOTALS, (EXCL HORTICULTURE) - PRODUCTION, MEASURED IN $",TOTAL,NOT SPECIFIED,678840000,
SURVEY,2015,YEAR,,STATE,NEW YORK,36,,,,,,,0,,CROP TOTALS,"CROP TOTALS, (EXCL HORTICULTURE) - PRODUCTION, MEASURED IN $",TOTAL,NOT SPECIFIED,1710220000,
SURVEY,2015,YEAR,,STATE,NORTH CAROLINA,37,,,,,,,0,,CROP TOTALS,"CROP TOTALS, (EXCL HORTICULTURE) - PRODUCTION, MEASURED IN $",TOTAL,NOT SPECIFIED,2827648000,
SURVEY,2015,YEAR,,STATE,NORTH DAKOTA,38,,,,,,,0,,CROP TOTALS,"CROP TOTALS, (EXCL HORTICULTURE) - PRODUCTION, MEASURED IN $",TOTAL,NOT SPECIFIED,6756818000,
SURVEY,2015,YEAR,,STATE,OHIO,39,,,,,,,0,,CROP TOTALS,"CROP TOTALS, (EXCL HORTICULTURE) - PRODUCTION, MEASURED IN $",TOTAL,NOT SPECIFIED,4816081000,
SURVEY,2015,YEAR,,STATE,OKLAHOMA,40,,,,,,,0,,CROP TOTALS,"CROP TOTALS, (EXCL HORTICULTURE) - PRODUCTION, MEASURED IN $",TOTAL,NOT SPECIFIED,1505003000,
SURVEY,2015,YEAR,,STATE,OREGON,41,,,,,,,0,,CROP TOTALS,"CROP TOTALS, (EXCL HORTICULTURE) - PRODUCTION, MEASURED IN $",TOTAL,NOT SPECIFIED,2072663000,
SURVEY,2015,YEAR,,STATE,PENNSYLVANIA,42,,,,,,,0,,CROP TOTALS,"CROP TOTALS, (EXCL HORTICULTURE) - PRODUCTION, MEASURED IN $",TOTAL,NOT SPECIFIED,2404910000,
SURVEY,2015,YEAR,,STATE,RHODE ISLAND,44,,,,,,,0,,CROP TOTALS,"CROP TOTALS, (EXCL HORTICULTURE) - PRODUCTION, MEASURED IN $",TOTAL,NOT SPECIFIED,6603000,
SURVEY,2015,YEAR,,STATE,SOUTH CAROLINA,45,,,,,,,0,,CROP TOTALS,"CROP TOTALS, (EXCL HORTICULTURE) - PRODUCTION, MEASURED IN $",TOTAL,NOT SPECIFIED,601184000,
SURVEY,2015,YEAR,,STATE,SOUTH DAKOTA,46,,,,,,,0,,CROP TOTALS,"CROP TOTALS, (EXCL HORTICULTURE) - PRODUCTION, MEASURED IN $",TOTAL,NOT SPECIFIED,6096084000,
SURVEY,2015,YEAR,,STATE,TENNESSEE,47,,,,,,,0,,CROP TOTALS,"CROP TOTALS, (EXCL HORTICULTURE) - PRODUCTION, MEASURED IN $",TOTAL,NOT SPECIFIED,2087482000,
SURVEY,2015,YEAR,,STATE,TEXAS,48,,,,,,,0,,CROP TOTALS,"CROP TOTALS, (EXCL HORTICULTURE) - PRODUCTION, MEASURED IN $",TOTAL,NOT SPECIFIED,5839018000,
SURVEY,2015,YEAR,,STATE,UTAH,49,,,,,,,0,,CROP TOTALS,"CROP TOTALS, (EXCL HORTICULTURE) - PRODUCTION, MEASURED IN $",TOTAL,NOT SPECIFIED,470158000,
SURVEY,2015,YEAR,,STATE,VERMONT,50,,,,,,,0,,CROP TOTALS,"CROP TOTALS, (EXCL HORTICULTURE) - PRODUCTION, MEASURED IN $",TOTAL,NOT SPECIFIED,115832000,
SURVEY,2015,YEAR,,STATE,VIRGINIA,51,,,,,,,0,,CROP TOTALS,"CROP TOTALS, (EXCL HORTICULTURE) - PRODUCTION, MEASURED IN $",TOTAL,NOT SPECIFIED,1167886000,
SURVEY,2015,YEAR,,STATE,WASHINGTON,53,,,,,,,0,,CROP TOTALS,"CROP TOTALS, (EXCL HORTICULTURE) - PRODUCTION, MEASURED IN $",TOTAL,NOT SPECIFIED,6564290000,
SURVEY,2015,YEAR,,STATE,WEST VIRGINIA,54,,,,,,,0,,CROP TOTALS,"CROP TOTALS, (EXCL HORTICULTURE) - PRODUCTION, MEASURED IN $",TOTAL,NOT SPECIFIED,187087000,
SURVEY,2015,YEAR,,STATE,WISCONSIN,55,,,,,,,0,,CROP TOTALS,"CROP TOTALS, (EXCL HORTICULTURE) - PRODUCTION, MEASURED IN $",TOTAL,NOT SPECIFIED,3676468000,
SURVEY,2015,YEAR,,STATE,WYOMING,56,,,,,,,0,,CROP TOTALS,"CROP TOTALS, (EXCL HORTICULTURE) - PRODUCTION, MEASURED IN $",TOTAL,NOT SPECIFIED,431167000,
SURVEY,2014,YEAR,,STATE,ALABAMA,1,,,,,,,0,,CROP TOTALS,"CROP TOTALS, (EXCL HORTICULTURE) - PRODUCTION, MEASURED IN $",TOTAL,NOT SPECIFIED,1055808000,
SURVEY,2014,YEAR,,STATE,ARIZONA,4,,,,,,,0,,CROP TOTALS,"CROP TOTALS, (EXCL HORTICULTURE) - PRODUCTION, MEASURED IN $",TOTAL,NOT SPECIFIED,1686339000,
SURVEY,2014,YEAR,,STATE,ARKANSAS,5,,,,,,,0,,CROP TOTALS,"CROP TOTALS, (EXCL HORTICULTURE) - PRODUCTION, MEASURED IN $",TOTAL,NOT SPECIFIED,4287070000,
SURVEY,2014,YEAR,,STATE,CALIFORNIA,6,,,,,,,0,,CROP TOTALS,"CROP TOTALS, (EXCL HORTICULTURE) - PRODUCTION, MEASURED IN $",TOTAL,NOT SPECIFIED,35347545000,
SURVEY,2014,YEAR,,STATE,COLORADO,8,,,,,,,0,,CROP TOTALS,"CROP TOTALS, (EXCL HORTICULTURE) - PRODUCTION, MEASURED IN $",TOTAL,NOT SPECIFIED,2321576000,
SURVEY,2014,YEAR,,STATE,CONNECTICUT,9,,,,,,,0,,CROP TOTALS,"CROP TOTALS, (EXCL HORTICULTURE) - PRODUCTION, MEASURED IN $",TOTAL,NOT SPECIFIED,81435000,
SURVEY,2014,YEAR,,STATE,DELAWARE,10,,,,,,,0,,CROP TOTALS,"CROP TOTALS, (EXCL HORTICULTURE) - PRODUCTION, MEASURED IN $",TOTAL,NOT SPECIFIED,311802000,
SURVEY,2014,YEAR,,STATE,FLORIDA,12,,,,,,,0,,CROP TOTALS,"CROP TOTALS, (EXCL HORTICULTURE) - PRODUCTION, MEASURED IN $",TOTAL,NOT SPECIFIED,4222267000,
SURVEY,2014,YEAR,,STATE,GEORGIA,13,,,,,,,0,,CROP TOTALS,"CROP TOTALS, (EXCL HORTICULTURE) - PRODUCTION, MEASURED IN $",TOTAL,NOT SPECIFIED,2807809000,
SURVEY,2014,YEAR,,STATE,HAWAII,15,,,,,,,0,,CROP TOTALS,"CROP TOTALS, (EXCL HORTICULTURE) - PRODUCTION, MEASURED IN $",TOTAL,NOT SPECIFIED,185055000,
SURVEY,2014,YEAR,,STATE,IDAHO,16,,,,,,,0,,CROP TOTALS,"CROP TOTALS, (EXCL HORTICULTURE) - PRODUCTION, MEASURED IN $",TOTAL,NOT SPECIFIED,3372861000,
SURVEY,2014,YEAR,,STATE,ILLINOIS,17,,,,,,,0,,CROP TOTALS,"CROP TOTALS, (EXCL HORTICULTURE) - PRODUCTION, MEASURED IN $",TOTAL,NOT SPECIFIED,14985501000,
SURVEY,2014,YEAR,,STATE,INDIANA,18,,,,,,,0,,CROP TOTALS,"CROP TOTALS, (EXCL HORTICULTURE) - PRODUCTION, MEASURED IN $",TOTAL,NOT SPECIFIED,7696158000,
SURVEY,2014,YEAR,,STATE,IOWA,19,,,,,,,0,,CROP TOTALS,"CROP TOTALS, (EXCL HORTICULTURE) - PRODUCTION, MEASURED IN $",TOTAL,NOT SPECIFIED,14259358000,
SURVEY,2014,YEAR,,STATE,KANSAS,20,,,,,,,0,,CROP TOTALS,"CROP TOTALS, (EXCL HORTICULTURE) - PRODUCTION, MEASURED IN $",TOTAL,NOT SPECIFIED,6503060000,
SURVEY,2014,YEAR,,STATE,KENTUCKY,21,,,,,,,0,,CROP TOTALS,"CROP TOTALS, (EXCL HORTICULTURE) - PRODUCTION, MEASURED IN $",TOTAL,NOT SPECIFIED,2923501000,
SURVEY,2014,YEAR,,STATE,LOUISIANA,22,,,,,,,0,,CROP TOTALS,"CROP TOTALS, (EXCL HORTICULTURE) - PRODUCTION, MEASURED IN $",TOTAL,NOT SPECIFIED,2406710000,
SURVEY,2014,YEAR,,STATE,MAINE,23,,,,,,,0,,CROP TOTALS,"CROP TOTALS, (EXCL HORTICULTURE) - PRODUCTION, MEASURED IN $",TOTAL,NOT SPECIFIED,289234000,
SURVEY,2014,YEAR,,STATE,MARYLAND,24,,,,,,,0,,CROP TOTALS,"CROP TOTALS, (EXCL HORTICULTURE) - PRODUCTION, MEASURED IN $",TOTAL,NOT SPECIFIED,789509000,
SURVEY,2014,YEAR,,STATE,MASSACHUSETTS,25,,,,,,,0,,CROP TOTALS,"CROP TOTALS, (EXCL HORTICULTURE) - PRODUCTION, MEASURED IN $",TOTAL,NOT SPECIFIED,158573000,
SURVEY,2014,YEAR,,STATE,MICHIGAN,26,,,,,,,0,,CROP TOTALS,"CROP TOTALS, (EXCL HORTICULTURE) - PRODUCTION, MEASURED IN $",TOTAL,NOT SPECIFIED,4080511000,
SURVEY,2014,YEAR,,STATE,MINNESOTA,27,,,,,,,0,,CROP TOTALS,"CROP TOTALS, (EXCL HORTICULTURE) - PRODUCTION, MEASURED IN $",TOTAL,NOT SPECIFIED,9081064000,
SURVEY,2014,YEAR,,STATE,MISSISSIPPI,28,,,,,,,0,,CROP TOTALS,"CROP TOTALS, (EXCL HORTICULTURE) - PRODUCTION, MEASURED IN $",TOTAL,NOT SPECIFIED,2533648000,
SURVEY,2014,YEAR,,STATE,MISSOURI,29,,,,,,,0,,CROP TOTALS,"CROP TOTALS, (EXCL HORTICULTURE) - PRODUCTION, MEASURED IN $",TOTAL,NOT SPECIFIED,6125840000,
SURVEY,2014,YEAR,,STATE,MONTANA,30,,,,,,,0,,CROP TOTALS,"CROP TOTALS, (EXCL HORTICULTURE) - PRODUCTION, MEASURED IN $",TOTAL,NOT SPECIFIED,2547409000,
SURVEY,2014,YEAR,,STATE,NEBRASKA,31,,,,,,,0,,CROP TOTALS,"CROP TOTALS, (EXCL HORTICULTURE) - PRODUCTION, MEASURED IN $",TOTAL,NOT SPECIFIED,10174772000,
SURVEY,2014,YEAR,,STATE,NEVADA,32,,,,,,,0,,CROP TOTALS,"CROP TOTALS, (EXCL HORTICULTURE) - PRODUCTION, MEASURED IN $",TOTAL,NOT SPECIFIED,387654000,
SURVEY,2014,YEAR,,STATE,NEW HAMPSHIRE,33,,,,,,,0,,CROP TOTALS,"CROP TOTALS, (EXCL HORTICULTURE) - PRODUCTION, MEASURED IN $",TOTAL,NOT SPECIFIED,36739000,
SURVEY,2014,YEAR,,STATE,NEW JERSEY,34,,,,,,,0,,CROP TOTALS,"CROP TOTALS, (EXCL HORTICULTURE) - PRODUCTION, MEASURED IN $",TOTAL,NOT SPECIFIED,456743000,
SURVEY,2014,YEAR,,STATE,NEW MEXICO,35,,,,,,,0,,CROP TOTALS,"CROP TOTALS, (EXCL HORTICULTURE) - PRODUCTION, MEASURED IN $",TOTAL,NOT SPECIFIED,666234000,
SURVEY,2014,YEAR,,STATE,NEW YORK,36,,,,,,,0,,CROP TOTALS,"CROP TOTALS, (EXCL HORTICULTURE) - PRODUCTION, MEASURED IN $",TOTAL,NOT SPECIFIED,1856656000,
SURVEY,2014,YEAR,,STATE,NORTH CAROLINA,37,,,,,,,0,,CROP TOTALS,"CROP TOTALS, (EXCL HORTICULTURE) - PRODUCTION, MEASURED IN $",TOTAL,NOT SPECIFIED,3658282000,
SURVEY,2014,YEAR,,STATE,NORTH DAKOTA,38,,,,,,,0,,CROP TOTALS,"CROP TOTALS, (EXCL HORTICULTURE) - PRODUCTION, MEASURED IN $",TOTAL,NOT SPECIFIED,6951812000,
SURVEY,2014,YEAR,,STATE,OHIO,39,,,,,,,0,,CROP TOTALS,"CROP TOTALS, (EXCL HORTICULTURE) - PRODUCTION, MEASURED IN $",TOTAL,NOT SPECIFIED,5671581000,
SURVEY,2014,YEAR,,STATE,OKLAHOMA,40,,,,,,,0,,CROP TOTALS,"CROP TOTALS, (EXCL HORTICULTURE) - PRODUCTION, MEASURED IN $",TOTAL,NOT SPECIFIED,1451018000,
SURVEY,2014,YEAR,,STATE,OREGON,41,,,,,,,0,,CROP TOTALS,"CROP TOTALS, (EXCL HORTICULTURE) - PRODUCTION, MEASURED IN $",TOTAL,NOT SPECIFIED,2240637000,
SURVEY,2014,YEAR,,STATE,PENNSYLVANIA,42,,,,,,,0,,CROP TOTALS,"CROP TOTALS, (EXCL HORTICULTURE) - PRODUCTION, MEASURED IN $",TOTAL,NOT SPECIFIED,2521996000,
SURVEY,2014,YEAR,,STATE,RHODE ISLAND,44,,,,,,,0,,CROP TOTALS,"CROP TOTALS, (EXCL HORTICULTURE) - PRODUCTION, MEASURED IN $",TOTAL,NOT SPECIFIED,7245000,
SURVEY,2014,YEAR,,STATE,SOUTH CAROLINA,45,,,,,,,0,,CROP TOTALS,"CROP TOTALS, (EXCL HORTICULTURE) - PRODUCTION, MEASURED IN $",TOTAL,NOT SPECIFIED,922394000,
SURVEY,2014,YEAR,,STATE,SOUTH DAKOTA,46,,,,,,,0,,CROP TOTALS,"CROP TOTALS, (EXCL HORTICULTURE) - PRODUCTION, MEASURED IN $",TOTAL,NOT SPECIFIED,6513046000,
SURVEY,2014,YEAR,,STATE,TENNESSEE,47,,,,,,,0,,CROP TOTALS,"CROP TOTALS, (EXCL HORTICULTURE) - PRODUCTION, MEASURED IN $",TOTAL,NOT SPECIFIED,2317355000,
SURVEY,2014,YEAR,,STATE,TEXAS,48,,,,,,,0,,CROP TOTALS,"CROP TOTALS, (EXCL HORTICULTURE) - PRODUCTION, MEASURED IN $",TOTAL,NOT SPECIFIED,6416640000,
SURVEY,2014,YEAR,,STATE,UTAH,49,,,,,,,0,,CROP TOTALS,"CROP TOTALS, (EXCL HORTICULTURE) - PRODUCTION, MEASURED IN $",TOTAL,NOT SPECIFIED,557593000,
SURVEY,2014,YEAR,,STATE,VERMONT,50,,,,,,,0,,CROP TOTALS,"CROP TOTALS, (EXCL HORTICULTURE) - PRODUCTION, MEASURED IN $",TOTAL,NOT SPECIFIED,99669000,
SURVEY,2014,YEAR,,STATE,VIRGINIA,51,,,,,,,0,,CROP TOTALS,"CROP TOTALS, (EXCL HORTICULTURE) - PRODUCTION, MEASURED IN $",TOTAL,NOT SPECIFIED,1274752000,
SURVEY,2014,YEAR,,STATE,WASHINGTON,53,,,,,,,0,,CROP TOTALS,"CROP TOTALS, (EXCL HORTICULTURE) - PRODUCTION, MEASURED IN $",TOTAL,NOT SPECIFIED,6302662000,
SURVEY,2014,YEAR,,STATE,WEST VIRGINIA,54,,,,,,,0,,CROP TOTALS,"CROP TOTALS, (EXCL HORTICULTURE) - PRODUCTION, MEASURED IN $",TOTAL,NOT SPECIFIED,188936000,
SURVEY,2014,YEAR,,STATE,WISCONSIN,55,,,,,,,0,,CROP TOTALS,"CROP TOTALS, (EXCL HORTICULTURE) - PRODUCTION, MEASURED IN $",TOTAL,NOT SPECIFIED,4053299000,
SURVEY,2014,YEAR,,STATE,WYOMING,56,,,,,,,0,,CROP TOTALS,"CROP TOTALS, (EXCL HORTICULTURE) - PRODUCTION, MEASURED IN $",TOTAL,NOT SPECIFIED,479786000,
SURVEY,2013,YEAR,,STATE,ALABAMA,1,,,,,,,0,,CROP TOTALS,"CROP TOTALS, (EXCL HORTICULTURE) - PRODUCTION, MEASURED IN $",TOTAL,NOT SPECIFIED,1194288000,
SURVEY,2013,YEAR,,STATE,ARIZONA,4,,,,,,,0,,CROP TOTALS,"CROP TOTALS, (EXCL HORTICULTURE) - PRODUCTION, MEASURED IN $",TOTAL,NOT SPECIFIED,2010571000,
SURVEY,2013,YEAR,,STATE,ARKANSAS,5,,,,,,,0,,CROP TOTALS,"CROP TOTALS, (EXCL HORTICULTURE) - PRODUCTION, MEASURED IN $",TOTAL,NOT SPECIFIED,4981209000,
SURVEY,2013,YEAR,,STATE,CALIFORNIA,6,,,,,,,0,,CROP TOTALS,"CROP TOTALS, (EXCL HORTICULTURE) - PRODUCTION, MEASURED IN $",TOTAL,NOT SPECIFIED,33370489000,
SURVEY,2013,YEAR,,STATE,COLORADO,8,,,,,,,0,,CROP TOTALS,"CROP TOTALS, (EXCL HORTICULTURE) - PRODUCTION, MEASURED IN $",TOTAL,NOT SPECIFIED,2061701000,
SURVEY,2013,YEAR,,STATE,CONNECTICUT,9,,,,,,,0,,CROP TOTALS,"CROP TOTALS, (EXCL HORTICULTURE) - PRODUCTION, MEASURED IN $",TOTAL,NOT SPECIFIED,92225000,
SURVEY,2013,YEAR,,STATE,DELAWARE,10,,,,,,,0,,CROP TOTALS,"CROP TOTALS, (EXCL HORTICULTURE) - PRODUCTION, MEASURED IN $",TOTAL,NOT SPECIFIED,332086000,
SURVEY,2013,YEAR,,STATE,FLORIDA,12,,,,,,,0,,CROP TOTALS,"CROP TOTALS, (EXCL HORTICULTURE) - PRODUCTION, MEASURED IN $",TOTAL,NOT SPECIFIED,4399808000,
SURVEY,2013,YEAR,,STATE,GEORGIA,13,,,,,,,0,,CROP TOTALS,"CROP TOTALS, (EXCL HORTICULTURE) - PRODUCTION, MEASURED IN $",TOTAL,NOT SPECIFIED,3152368000,
SURVEY,2013,YEAR,,STATE,HAWAII,15,,,,,,,0,,CROP TOTALS,"CROP TOTALS, (EXCL HORTICULTURE) - PRODUCTION, MEASURED IN $",TOTAL,NOT SPECIFIED,142489000,
SURVEY,2013,YEAR,,STATE,IDAHO,16,,,,,,,0,,CROP TOTALS,"CROP TOTALS, (EXCL HORTICULTURE) - PRODUCTION, MEASURED IN $",TOTAL,NOT SPECIFIED,3732832000,
SURVEY,2013,YEAR,,STATE,ILLINOIS,17,,,,,,,0,,CROP TOTALS,"CROP TOTALS, (EXCL HORTICULTURE) - PRODUCTION, MEASURED IN $",TOTAL,NOT SPECIFIED,16634858000,
SURVEY,2013,YEAR,,STATE,INDIANA,18,,,,,,,0,,CROP TOTALS,"CROP TOTALS, (EXCL HORTICULTURE) - PRODUCTION, MEASURED IN $",TOTAL,NOT SPECIFIED,8791541000,
SURVEY,2013,YEAR,,STATE,IOWA,19,,,,,,,0,,CROP TOTALS,"CROP TOTALS, (EXCL HORTICULTURE) - PRODUCTION, MEASURED IN $",TOTAL,NOT SPECIFIED,15751298000,
SURVEY,2013,YEAR,,STATE,KANSAS,20,,,,,,,0,,CROP TOTALS,"CROP TOTALS, (EXCL HORTICULTURE) - PRODUCTION, MEASURED IN $",TOTAL,NOT SPECIFIED,7856658000,
SURVEY,2013,YEAR,,STATE,KENTUCKY,21,,,,,,,0,,CROP TOTALS,"CROP TOTALS, (EXCL HORTICULTURE) - PRODUCTION, MEASURED IN $",TOTAL,NOT SPECIFIED,3537650000,
SURVEY,2013,YEAR,,STATE,LOUISIANA,22,,,,,,,0,,CROP TOTALS,"CROP TOTALS, (EXCL HORTICULTURE) - PRODUCTION, MEASURED IN $",TOTAL,NOT SPECIFIED,2574477000,
SURVEY,2013,YEAR,,STATE,MAINE,23,,,,,,,0,,CROP TOTALS,"CROP TOTALS, (EXCL HORTICULTURE) - PRODUCTION, MEASURED IN $",TOTAL,NOT SPECIFIED,307676000,
SURVEY,2013,YEAR,,STATE,MARYLAND,24,,,,,,,0,,CROP TOTALS,"CROP TOTALS, (EXCL HORTICULTURE) - PRODUCTION, MEASURED IN $",TOTAL,NOT SPECIFIED,860696000,
SURVEY,2013,YEAR,,STATE,MASSACHUSETTS,25,,,,,,,0,,CROP TOTALS,"CROP TOTALS, (EXCL HORTICULTURE) - PRODUCTION, MEASURED IN $",TOTAL,NOT SPECIFIED,154228000,
SURVEY,2013,YEAR,,STATE,MICHIGAN,26,,,,,,,0,,CROP TOTALS,"CROP TOTALS, (EXCL HORTICULTURE) - PRODUCTION, MEASURED IN $",TOTAL,NOT SPECIFIED,4643604000,
SURVEY,2013,YEAR,,STATE,MINNESOTA,27,,,,,,,0,,CROP TOTALS,"CROP TOTALS, (EXCL HORTICULTURE) - PRODUCTION, MEASURED IN $",TOTAL,NOT SPECIFIED,11421561000,
SURVEY,2013,YEAR,,STATE,MISSISSIPPI,28,,,,,,,0,,CROP TOTALS,"CROP TOTALS, (EXCL HORTICULTURE) - PRODUCTION, MEASURED IN $",TOTAL,NOT SPECIFIED,2831650000,
SURVEY,2013,YEAR,,STATE,MISSOURI,29,,,,,,,0,,CROP TOTALS,"CROP TOTALS, (EXCL HORTICULTURE) - PRODUCTION, MEASURED IN $",TOTAL,NOT SPECIFIED,6374111000,
SURVEY,2013,YEAR,,STATE,MONTANA,30,,,,,,,0,,CROP TOTALS,"CROP TOTALS, (EXCL HORTICULTURE) - PRODUCTION, MEASURED IN $",TOTAL,NOT SPECIFIED,2725939000,
SURVEY,2013,YEAR,,STATE,NEBRASKA,31,,,,,,,0,,CROP TOTALS,"CROP TOTALS, (EXCL HORTICULTURE) - PRODUCTION, MEASURED IN $",TOTAL,NOT SPECIFIED,11796321000,
SURVEY,2013,YEAR,,STATE,NEVADA,32,,,,,,,0,,CROP TOTALS,"CROP TOTALS, (EXCL HORTICULTURE) - PRODUCTION, MEASURED IN $",TOTAL,NOT SPECIFIED,318778000,
SURVEY,2013,YEAR,,STATE,NEW HAMPSHIRE,33,,,,,,,0,,CROP TOTALS,"CROP TOTALS, (EXCL HORTICULTURE) - PRODUCTION, MEASURED IN $",TOTAL,NOT SPECIFIED,44808000,
SURVEY,2013,YEAR,,STATE,NEW JERSEY,34,,,,,,,0,,CROP TOTALS,"CROP TOTALS, (EXCL HORTICULTURE) - PRODUCTION, MEASURED IN $",TOTAL,NOT SPECIFIED,410053000,
SURVEY,2013,YEAR,,STATE,NEW MEXICO,35,,,,,,,0,,CROP TOTALS,"CROP TOTALS, (EXCL HORTICULTURE) - PRODUCTION, MEASURED IN $",TOTAL,NOT SPECIFIED,583922000,
SURVEY,2013,YEAR,,STATE,NEW YORK,36,,,,,,,0,,CROP TOTALS,"CROP TOTALS, (EXCL HORTICULTURE) - PRODUCTION, MEASURED IN $",TOTAL,NOT SPECIFIED,1985018000,
SURVEY,2013,YEAR,,STATE,NORTH CAROLINA,37,,,,,,,0,,CROP TOTALS,"CROP TOTALS, (EXCL HORTICULTURE) - PRODUCTION, MEASURED IN $",TOTAL,NOT SPECIFIED,3608393000,
SURVEY,2013,YEAR,,STATE,NORTH DAKOTA,38,,,,,,,0,,CROP TOTALS,"CROP TOTALS, (EXCL HORTICULTURE) - PRODUCTION, MEASURED IN $",TOTAL,NOT SPECIFIED,7267459000,
SURVEY,2013,YEAR,,STATE,OHIO,39,,,,,,,0,,CROP TOTALS,"CROP TOTALS, (EXCL HORTICULTURE) - PRODUCTION, MEASURED IN $",TOTAL,NOT SPECIFIED,6736655000,
SURVEY,2013,YEAR,,STATE,OKLAHOMA,40,,,,,,,0,,CROP TOTALS,"CROP TOTALS, (EXCL HORTICULTURE) - PRODUCTION, MEASURED IN $",TOTAL,NOT SPECIFIED,1905168000,
SURVEY,2013,YEAR,,STATE,OREGON,41,,,,,,,0,,CROP TOTALS,"CROP TOTALS, (EXCL HORTICULTURE) - PRODUCTION, MEASURED IN $",TOTAL,NOT SPECIFIED,2270745000,
SURVEY,2013,YEAR,,STATE,PENNSYLVANIA,42,,,,,,,0,,CROP TOTALS,"CROP TOTALS, (EXCL HORTICULTURE) - PRODUCTION, MEASURED IN $",TOTAL,NOT SPECIFIED,2546662000,
SURVEY,2013,YEAR,,STATE,RHODE ISLAND,44,,,,,,,0,,CROP TOTALS,"CROP TOTALS, (EXCL HORTICULTURE) - PRODUCTION, MEASURED IN $",TOTAL,NOT SPECIFIED,9075000,
SURVEY,2013,YEAR,,STATE,SOUTH CAROLINA,45,,,,,,,0,,CROP TOTALS,"CROP TOTALS, (EXCL HORTICULTURE) - PRODUCTION, MEASURED IN $",TOTAL,NOT SPECIFIED,912964000,
SURVEY,2013,YEAR,,STATE,SOUTH DAKOTA,46,,,,,,,0,,CROP TOTALS,"CROP TOTALS, (EXCL HORTICULTURE) - PRODUCTION, MEASURED IN $",TOTAL,NOT SPECIFIED,7293743000,
SURVEY,2013,YEAR,,STATE,TENNESSEE,47,,,,,,,0,,CROP TOTALS,"CROP TOTALS, (EXCL HORTICULTURE) - PRODUCTION, MEASURED IN $",TOTAL,NOT SPECIFIED,2665536000,
SURVEY,2013,YEAR,,STATE,TEXAS,48,,,,,,,0,,CROP TOTALS,"CROP TOTALS, (EXCL HORTICULTURE) - PRODUCTION, MEASURED IN $",TOTAL,NOT SPECIFIED,6238102000,
SURVEY,2013,YEAR,,STATE,UTAH,49,,,,,,,0,,CROP TOTALS,"CROP TOTALS, (EXCL HORTICULTURE) - PRODUCTION, MEASURED IN $",TOTAL,NOT SPECIFIED,614420000,
SURVEY,2013,YEAR,,STATE,VERMONT,50,,,,,,,0,,CROP TOTALS,"CROP TOTALS, (EXCL HORTICULTURE) - PRODUCTION, MEASURED IN $",TOTAL,NOT SPECIFIED,109635000,
SURVEY,2013,YEAR,,STATE,VIRGINIA,51,,,,,,,0,,CROP TOTALS,"CROP TOTALS, (EXCL HORTICULTURE) - PRODUCTION, MEASURED IN $",TOTAL,NOT SPECIFIED,1431131000,
SURVEY,2013,YEAR,,STATE,WASHINGTON,53,,,,,,,0,,CROP TOTALS,"CROP TOTALS, (EXCL HORTICULTURE) - PRODUCTION, MEASURED IN $",TOTAL,NOT SPECIFIED,6716218000,
SURVEY,2013,YEAR,,STATE,WEST VIRGINIA,54,,,,,,,0,,CROP TOTALS,"CROP TOTALS, (EXCL HORTICULTURE) - PRODUCTION, MEASURED IN $",TOTAL,NOT SPECIFIED,198019000,
SURVEY,2013,YEAR,,STATE,WISCONSIN,55,,,,,,,0,,CROP TOTALS,"CROP TOTALS, (EXCL HORTICULTURE) - PRODUCTION, MEASURED IN $",TOTAL,NOT SPECIFIED,4365906000,
SURVEY,2013,YEAR,,STATE,WYOMING,56,,,,,,,0,,CROP TOTALS,"CROP TOTALS, (EXCL HORTICULTURE) - PRODUCTION, MEASURED IN $",TOTAL,NOT SPECIFIED,541446000,
SURVEY,2012,YEAR,,STATE,ALABAMA,1,,,,,,,0,,CROP TOTALS,"CROP TOTALS, (EXCL HORTICULTURE) - PRODUCTION, MEASURED IN $",TOTAL,NOT SPECIFIED,1278732000,
SURVEY,2012,YEAR,,STATE,ARIZONA,4,,,,,,,0,,CROP TOTALS,"CROP TOTALS, (EXCL HORTICULTURE) - PRODUCTION, MEASURED IN $",TOTAL,NOT SPECIFIED,1753980000,
SURVEY,2012,YEAR,,STATE,ARKANSAS,5,,,,,,,0,,CROP TOTALS,"CROP TOTALS, (EXCL HORTICULTURE) - PRODUCTION, MEASURED IN $",TOTAL,NOT SPECIFIED,5265356000,
SURVEY,2012,YEAR,,STATE,CALIFORNIA,6,,,,,,,0,,CROP TOTALS,"CROP TOTALS, (EXCL HORTICULTURE) - PRODUCTION, MEASURED IN $",TOTAL,NOT SPECIFIED,29192871000,
SURVEY,2012,YEAR,,STATE,COLORADO,8,,,,,,,0,,CROP TOTALS,"CROP TOTALS, (EXCL HORTICULTURE) - PRODUCTION, MEASURED IN $",TOTAL,NOT SPECIFIED,2686963000,
SURVEY,2012,YEAR,,STATE,CONNECTICUT,9,,,,,,,0,,CROP TOTALS,"CROP TOTALS, (EXCL HORTICULTURE) - PRODUCTION, MEASURED IN $",TOTAL,NOT SPECIFIED,69986000,
SURVEY,2012,YEAR,,STATE,DELAWARE,10,,,,,,,0,,CROP TOTALS,"CROP TOTALS, (EXCL HORTICULTURE) - PRODUCTION, MEASURED IN $",TOTAL,NOT SPECIFIED,414971000,
SURVEY,2012,YEAR,,STATE,FLORIDA,12,,,,,,,0,,CROP TOTALS,"CROP TOTALS, (EXCL HORTICULTURE) - PRODUCTION, MEASURED IN $",TOTAL,NOT SPECIFIED,4847687000,
SURVEY,2012,YEAR,,STATE,GEORGIA,13,,,,,,,0,,CROP TOTALS,"CROP TOTALS, (EXCL HORTICULTURE) - PRODUCTION, MEASURED IN $",TOTAL,NOT SPECIFIED,3789171000,
SURVEY,2012,YEAR,,STATE,HAWAII,15,,,,,,,0,,CROP TOTALS,"CROP TOTALS, (EXCL HORTICULTURE) - PRODUCTION, MEASURED IN $",TOTAL,NOT SPECIFIED,156701000,
SURVEY,2012,YEAR,,STATE,IDAHO,16,,,,,,,0,,CROP TOTALS,"CROP TOTALS, (EXCL HORTICULTURE) - PRODUCTION, MEASURED IN $",TOTAL,NOT SPECIFIED,3846272000,
SURVEY,2012,YEAR,,STATE,ILLINOIS,17,,,,,,,0,,CROP TOTALS,"CROP TOTALS, (EXCL HORTICULTURE) - PRODUCTION, MEASURED IN $",TOTAL,NOT SPECIFIED,15136394000,
SURVEY,2012,YEAR,,STATE,INDIANA,18,,,,,,,0,,CROP TOTALS,"CROP TOTALS, (EXCL HORTICULTURE) - PRODUCTION, MEASURED IN $",TOTAL,NOT SPECIFIED,8163419000,
SURVEY,2012,YEAR,,STATE,IOWA,19,,,,,,,0,,CROP TOTALS,"CROP TOTALS, (EXCL HORTICULTURE) - PRODUCTION, MEASURED IN $",TOTAL,NOT SPECIFIED,19606751000,
SURVEY,2012,YEAR,,STATE,KANSAS,20,,,,,,,0,,CROP TOTALS,"CROP TOTALS, (EXCL HORTICULTURE) - PRODUCTION, MEASURED IN $",TOTAL,NOT SPECIFIED,8095893000,
SURVEY,2012,YEAR,,STATE,KENTUCKY,21,,,,,,,0,,CROP TOTALS,"CROP TOTALS, (EXCL HORTICULTURE) - PRODUCTION, MEASURED IN $",TOTAL,NOT SPECIFIED,2635539000,
SURVEY,2012,YEAR,,STATE,LOUISIANA,22,,,,,,,0,,CROP TOTALS,"CROP TOTALS, (EXCL HORTICULTURE) - PRODUCTION, MEASURED IN $",TOTAL,NOT SPECIFIED,2875786000,
SURVEY,2012,YEAR,,STATE,MAINE,23,,,,,,,0,,CROP TOTALS,"CROP TOTALS, (EXCL HORTICULTURE) - PRODUCTION, MEASURED IN $",TOTAL,NOT SPECIFIED,333143000,
SURVEY,2012,YEAR,,STATE,MARYLAND,24,,,,,,,0,,CROP TOTALS,"CROP TOTALS, (EXCL HORTICULTURE) - PRODUCTION, MEASURED IN $",TOTAL,NOT SPECIFIED,1020494000,
SURVEY,2012,YEAR,,STATE,MASSACHUSETTS,25,,,,,,,0,,CROP TOTALS,"CROP TOTALS, (EXCL HORTICULTURE) - PRODUCTION, MEASURED IN $",TOTAL,NOT SPECIFIED,186854000,
SURVEY,2012,YEAR,,STATE,MICHIGAN,26,,,,,,,0,,CROP TOTALS,"CROP TOTALS, (EXCL HORTICULTURE) - PRODUCTION, MEASURED IN $",TOTAL,NOT SPECIFIED,5077386000,
SURVEY,2012,YEAR,,STATE,MINNESOTA,27,,,,,,,0,,CROP TOTALS,"CROP TOTALS, (EXCL HORTICULTURE) - PRODUCTION, MEASURED IN $",TOTAL,NOT SPECIFIED,16371205000,
SURVEY,2012,YEAR,,STATE,MISSISSIPPI,28,,,,,,,0,,CROP TOTALS,"CROP TOTALS, (EXCL HORTICULTURE) - PRODUCTION, MEASURED IN $",TOTAL,NOT SPECIFIED,3203804000,
SURVEY,2012,YEAR,,STATE,MISSOURI,29,,,,,,,0,,CROP TOTALS,"CROP TOTALS, (EXCL HORTICULTURE) - PRODUCTION, MEASURED IN $",TOTAL,NOT SPECIFIED,5587582000,
SURVEY,2012,YEAR,,STATE,MONTANA,30,,,,,,,0,,CROP TOTALS,"CROP TOTALS, (EXCL HORTICULTURE) - PRODUCTION, MEASURED IN $",TOTAL,NOT SPECIFIED,2768589000,
SURVEY,2012,YEAR,,STATE,NEBRASKA,31,,,,,,,0,,CROP TOTALS,"CROP TOTALS, (EXCL HORTICULTURE) - PRODUCTION, MEASURED IN $",TOTAL,NOT SPECIFIED,13411712000,
SURVEY,2012,YEAR,,STATE,NEVADA,32,,,,,,,0,,CROP TOTALS,"CROP TOTALS, (EXCL HORTICULTURE) - PRODUCTION, MEASURED IN $",TOTAL,NOT SPECIFIED,361737000,
SURVEY,2012,YEAR,,STATE,NEW HAMPSHIRE,33,,,,,,,0,,CROP TOTALS,"CROP TOTALS, (EXCL HORTICULTURE) - PRODUCTION, MEASURED IN $",TOTAL,NOT SPECIFIED,39333000,
SURVEY,2012,YEAR,,STATE,NEW JERSEY,34,,,,,,,0,,CROP TOTALS,"CROP TOTALS, (EXCL HORTICULTURE) - PRODUCTION, MEASURED IN $",TOTAL,NOT SPECIFIED,499894000,
SURVEY,2012,YEAR,,STATE,NEW MEXICO,35,,,,,,,0,,CROP TOTALS,"CROP TOTALS, (EXCL HORTICULTURE) - PRODUCTION, MEASURED IN $",TOTAL,NOT SPECIFIED,695819000,
SURVEY,2012,YEAR,,STATE,NEW YORK,36,,,,,,,0,,CROP TOTALS,"CROP TOTALS, (EXCL HORTICULTURE) - PRODUCTION, MEASURED IN $",TOTAL,NOT SPECIFIED,2122618000,
SURVEY,2012,YEAR,,STATE,NORTH CAROLINA,37,,,,,,,0,,CROP TOTALS,"CROP TOTALS, (EXCL HORTICULTURE) - PRODUCTION, MEASURED IN $",TOTAL,NOT SPECIFIED,3947621000,
SURVEY,2012,YEAR,,STATE,NORTH DAKOTA,38,,,,,,,0,,CROP TOTALS,"CROP TOTALS, (EXCL HORTICULTURE) - PRODUCTION, MEASURED IN $",TOTAL,NOT SPECIFIED,10653232000,
SURVEY,2012,YEAR,,STATE,OHIO,39,,,,,,,0,,CROP TOTALS,"CROP TOTALS, (EXCL HORTICULTURE) - PRODUCTION, MEASURED IN $",TOTAL,NOT SPECIFIED,6971774000,
SURVEY,2012,YEAR,,STATE,OKLAHOMA,40,,,,,,,0,,CROP TOTALS,"CROP TOTALS, (EXCL HORTICULTURE) - PRODUCTION, MEASURED IN $",TOTAL,NOT SPECIFIED,2185350000,
SURVEY,2012,YEAR,,STATE,OREGON,41,,,,,,,0,,CROP TOTALS,"CROP TOTALS, (EXCL HORTICULTURE) - PRODUCTION, MEASURED IN $",TOTAL,NOT SPECIFIED,2304688000,
SURVEY,2012,YEAR,,STATE,PENNSYLVANIA,42,,,,,,,0,,CROP TOTALS,"CROP TOTALS, (EXCL HORTICULTURE) - PRODUCTION, MEASURED IN $",TOTAL,NOT SPECIFIED,2825836000,
SURVEY,2012,YEAR,,STATE,RHODE ISLAND,44,,,,,,,0,,CROP TOTALS,"CROP TOTALS, (EXCL HORTICULTURE) - PRODUCTION, MEASURED IN $",TOTAL,NOT SPECIFIED,10171000,
SURVEY,2012,YEAR,,STATE,SOUTH CAROLINA,45,,,,,,,0,,CROP TOTALS,"CROP TOTALS, (EXCL HORTICULTURE) - PRODUCTION, MEASURED IN $",TOTAL,NOT SPECIFIED,1201923000,
SURVEY,2012,YEAR,,STATE,SOUTH DAKOTA,46,,,,,,,0,,CROP TOTALS,"CROP TOTALS, (EXCL HORTICULTURE) - PRODUCTION, MEASURED IN $",TOTAL,NOT SPECIFIED,7490164000,
SURVEY,2012,YEAR,,STATE,TENNESSEE,47,,,,,,,0,,CROP TOTALS,"CROP TOTALS, (EXCL HORTICULTURE) - PRODUCTION, MEASURED IN $",TOTAL,NOT SPECIFIED,2299886000,
SURVEY,2012,YEAR,,STATE,TEXAS,48,,,,,,,0,,CROP TOTALS,"CROP TOTALS, (EXCL HORTICULTURE) - PRODUCTION, MEASURED IN $",TOTAL,NOT SPECIFIED,6990076000,
SURVEY,2012,YEAR,,STATE,UTAH,49,,,,,,,0,,CROP TOTALS,"CROP TOTALS, (EXCL HORTICULTURE) - PRODUCTION, MEASURED IN $",TOTAL,NOT SPECIFIED,599081000,
SURVEY,2012,YEAR,,STATE,VERMONT,50,,,,,,,0,,CROP TOTALS,"CROP TOTALS, (EXCL HORTICULTURE) - PRODUCTION, MEASURED IN $",TOTAL,NOT SPECIFIED,109028000,
SURVEY,2012,YEAR,,STATE,VIRGINIA,51,,,,,,,0,,CROP TOTALS,"CROP TOTALS, (EXCL HORTICULTURE) - PRODUCTION, MEASURED IN $",TOTAL,NOT SPECIFIED,1556374000,
SURVEY,2012,YEAR,,STATE,WASHINGTON,53,,,,,,,0,,CROP TOTALS,"CROP TOTALS, (EXCL HORTICULTURE) - PRODUCTION, MEASURED IN $",TOTAL,NOT SPECIFIED,7182346000,
SURVEY,2012,YEAR,,STATE,WEST VIRGINIA,54,,,,,,,0,,CROP TOTALS,"CROP TOTALS, (EXCL HORTICULTURE) - PRODUCTION, MEASURED IN $",TOTAL,NOT SPECIFIED,185282000,
SURVEY,2012,YEAR,,STATE,WISCONSIN,55,,,,,,,0,,CROP TOTALS,"CROP TOTALS, (EXCL HORTICULTURE) - PRODUCTION, MEASURED IN $",TOTAL,NOT SPECIFIED,5179528000,
SURVEY,2012,YEAR,,STATE,WYOMING,56,,,,,,,0,,CROP TOTALS,"CROP TOTALS, (EXCL HORTICULTURE) - PRODUCTION, MEASURED IN $",TOTAL,NOT SPECIFIED,609876000,
SURVEY,2011,YEAR,,STATE,ALABAMA,1,,,,,,,0,,CROP TOTALS,"CROP TOTALS, (EXCL HORTICULTURE) - PRODUCTION, MEASURED IN $",TOTAL,NOT SPECIFIED,1113551000,
SURVEY,2011,YEAR,,STATE,ARIZONA,4,,,,,,,0,,CROP TOTALS,"CROP TOTALS, (EXCL HORTICULTURE) - PRODUCTION, MEASURED IN $",TOTAL,NOT SPECIFIED,2397381000,
SURVEY,2011,YEAR,,STATE,ARKANSAS,5,,,,,,,0,,CROP TOTALS,"CROP TOTALS, (EXCL HORTICULTURE) - PRODUCTION, MEASURED IN $",TOTAL,NOT SPECIFIED,4279216000,
SURVEY,2011,YEAR,,STATE,CALIFORNIA,6,,,,,,,0,,CROP TOTALS,"CROP TOTALS, (EXCL HORTICULTURE) - PRODUCTION, MEASURED IN $",TOTAL,NOT SPECIFIED,26597817000,
SURVEY,2011,YEAR,,STATE,COLORADO,8,,,,,,,0,,CROP TOTALS,"CROP TOTALS, (EXCL HORTICULTURE) - PRODUCTION, MEASURED IN $",TOTAL,NOT SPECIFIED,2974018000,
SURVEY,2011,YEAR,,STATE,CONNECTICUT,9,,,,,,,0,,CROP TOTALS,"CROP TOTALS, (EXCL HORTICULTURE) - PRODUCTION, MEASURED IN $",TOTAL,NOT SPECIFIED,58730000,
SURVEY,2011,YEAR,,STATE,DELAWARE,10,,,,,,,0,,CROP TOTALS,"CROP TOTALS, (EXCL HORTICULTURE) - PRODUCTION, MEASURED IN $",TOTAL,NOT SPECIFIED,344127000,
SURVEY,2011,YEAR,,STATE,FLORIDA,12,,,,,,,0,,CROP TOTALS,"CROP TOTALS, (EXCL HORTICULTURE) - PRODUCTION, MEASURED IN $",TOTAL,NOT SPECIFIED,4716865000,
SURVEY,2011,YEAR,,STATE,GEORGIA,13,,,,,,,0,,CROP TOTALS,"CROP TOTALS, (EXCL HORTICULTURE) - PRODUCTION, MEASURED IN $",TOTAL,NOT SPECIFIED,3229492000,
SURVEY,2011,YEAR,,STATE,HAWAII,15,,,,,,,0,,CROP TOTALS,"CROP TOTALS, (EXCL HORTICULTURE) - PRODUCTION, MEASURED IN $",TOTAL,NOT SPECIFIED,177157000,
SURVEY,2011,YEAR,,STATE,IDAHO,16,,,,,,,0,,CROP TOTALS,"CROP TOTALS, (EXCL HORTICULTURE) - PRODUCTION, MEASURED IN $",TOTAL,NOT SPECIFIED,3980436000,
SURVEY,2011,YEAR,,STATE,ILLINOIS,17,,,,,,,0,,CROP TOTALS,"CROP TOTALS, (EXCL HORTICULTURE) - PRODUCTION, MEASURED IN $",TOTAL,NOT SPECIFIED,18231466000,
SURVEY,2011,YEAR,,STATE,INDIANA,18,,,,,,,0,,CROP TOTALS,"CROP TOTALS, (EXCL HORTICULTURE) - PRODUCTION, MEASURED IN $",TOTAL,NOT SPECIFIED,8916478000,
SURVEY,2011,YEAR,,STATE,IOWA,19,,,,,,,0,,CROP TOTALS,"CROP TOTALS, (EXCL HORTICULTURE) - PRODUCTION, MEASURED IN $",TOTAL,NOT SPECIFIED,21075616000,
SURVEY,2011,YEAR,,STATE,KANSAS,20,,,,,,,0,,CROP TOTALS,"CROP TOTALS, (EXCL HORTICULTURE) - PRODUCTION, MEASURED IN $",TOTAL,NOT SPECIFIED,7413100000,
SURVEY,2011,YEAR,,STATE,KENTUCKY,21,,,,,,,0,,CROP TOTALS,"CROP TOTALS, (EXCL HORTICULTURE) - PRODUCTION, MEASURED IN $",TOTAL,NOT SPECIFIED,2869205000,
SURVEY,2011,YEAR,,STATE,LOUISIANA,22,,,,,,,0,,CROP TOTALS,"CROP TOTALS, (EXCL HORTICULTURE) - PRODUCTION, MEASURED IN $",TOTAL,NOT SPECIFIED,2454134000,
SURVEY,2011,YEAR,,STATE,MAINE,23,,,,,,,0,,CROP TOTALS,"CROP TOTALS, (EXCL HORTICULTURE) - PRODUCTION, MEASURED IN $",TOTAL,NOT SPECIFIED,301777000,
SURVEY,2011,YEAR,,STATE,MARYLAND,24,,,,,,,0,,CROP TOTALS,"CROP TOTALS, (EXCL HORTICULTURE) - PRODUCTION, MEASURED IN $",TOTAL,NOT SPECIFIED,816447000,
SURVEY,2011,YEAR,,STATE,MASSACHUSETTS,25,,,,,,,0,,CROP TOTALS,"CROP TOTALS, (EXCL HORTICULTURE) - PRODUCTION, MEASURED IN $",TOTAL,NOT SPECIFIED,193104000,
SURVEY,2011,YEAR,,STATE,MICHIGAN,26,,,,,,,0,,CROP TOTALS,"CROP TOTALS, (EXCL HORTICULTURE) - PRODUCTION, MEASURED IN $",TOTAL,NOT SPECIFIED,5120080000,
SURVEY,2011,YEAR,,STATE,MINNESOTA,27,,,,,,,0,,CROP TOTALS,"CROP TOTALS, (EXCL HORTICULTURE) - PRODUCTION, MEASURED IN $",TOTAL,NOT SPECIFIED,12995585000,
SURVEY,2011,YEAR,,STATE,MISSISSIPPI,28,,,,,,,0,,CROP TOTALS,"CROP TOTALS, (EXCL HORTICULTURE) - PRODUCTION, MEASURED IN $",TOTAL,NOT SPECIFIED,2642607000,
SURVEY,2011,YEAR,,STATE,MISSOURI,29,,,,,,,0,,CROP TOTALS,"CROP TOTALS, (EXCL HORTICULTURE) - PRODUCTION, MEASURED IN $",TOTAL,NOT SPECIFIED,5946584000,
SURVEY,2011,YEAR,,STATE,MONTANA,30,,,,,,,0,,CROP TOTALS,"CROP TOTALS, (EXCL HORTICULTURE) - PRODUCTION, MEASURED IN $",TOTAL,NOT SPECIFIED,2333481000,
SURVEY,2011,YEAR,,STATE,NEBRASKA,31,,,,,,,0,,CROP TOTALS,"CROP TOTALS, (EXCL HORTICULTURE) - PRODUCTION, MEASURED IN $",TOTAL,NOT SPECIFIED,13959529000,
SURVEY,2011,YEAR,,STATE,NEVADA,32,,,,,,,0,,CROP TOTALS,"CROP TOTALS, (EXCL HORTICULTURE) - PRODUCTION, MEASURED IN $",TOTAL,NOT SPECIFIED,375959000,
SURVEY,2011,YEAR,,STATE,NEW HAMPSHIRE,33,,,,,,,0,,CROP TOTALS,"CROP TOTALS, (EXCL HORTICULTURE) - PRODUCTION, MEASURED IN $",TOTAL,NOT SPECIFIED,39379000,
SURVEY,2011,YEAR,,STATE,NEW JERSEY,34,,,,,,,0,,CROP TOTALS,"CROP TOTALS, (EXCL HORTICULTURE) - PRODUCTION, MEASURED IN $",TOTAL,NOT SPECIFIED,470584000,
SURVEY,2011,YEAR,,STATE,NEW MEXICO,35,,,,,,,0,,CROP TOTALS,"CROP TOTALS, (EXCL HORTICULTURE) - PRODUCTION, MEASURED IN $",TOTAL,NOT SPECIFIED,744478000,
SURVEY,2011,YEAR,,STATE,NEW YORK,36,,,,,,,0,,CROP TOTALS,"CROP TOTALS, (EXCL HORTICULTURE) - PRODUCTION, MEASURED IN $",TOTAL,NOT SPECIFIED,1880176000,
SURVEY,2011,YEAR,,STATE,NORTH CAROLINA,37,,,,,,,0,,CROP TOTALS,"CROP TOTALS, (EXCL HORTICULTURE) - PRODUCTION, MEASURED IN $",TOTAL,NOT SPECIFIED,3079804000,
SURVEY,2011,YEAR,,STATE,NORTH DAKOTA,38,,,,,,,0,,CROP TOTALS,"CROP TOTALS, (EXCL HORTICULTURE) - PRODUCTION, MEASURED IN $",TOTAL,NOT SPECIFIED,5950962000,
SURVEY,2011,YEAR,,STATE,OHIO,39,,,,,,,0,,CROP TOTALS,"CROP TOTALS, (EXCL HORTICULTURE) - PRODUCTION, MEASURED IN $",TOTAL,NOT SPECIFIED,6890347000,
SURVEY,2011,YEAR,,STATE,OKLAHOMA,40,,,,,,,0,,CROP TOTALS,"CROP TOTALS, (EXCL HORTICULTURE) - PRODUCTION, MEASURED IN $",TOTAL,NOT SPECIFIED,1099181000,
SURVEY,2011,YEAR,,STATE,OREGON,41,,,,,,,0,,CROP TOTALS,"CROP TOTALS, (EXCL HORTICULTURE) - PRODUCTION, MEASURED IN $",TOTAL,NOT SPECIFIED,2357781000,
SURVEY,2011,YEAR,,STATE,PENNSYLVANIA,42,,,,,,,0,,CROP TOTALS,"CROP TOTALS, (EXCL HORTICULTURE) - PRODUCTION, MEASURED IN $",TOTAL,NOT SPECIFIED,2433306000,
SURVEY,2011,YEAR,,STATE,RHODE ISLAND,44,,,,,,,0,,CROP TOTALS,"CROP TOTALS, (EXCL HORTICULTURE) - PRODUCTION, MEASURED IN $",TOTAL,NOT SPECIFIED,10116000,
SURVEY,2011,YEAR,,STATE,SOUTH CAROLINA,45,,,,,,,0,,CROP TOTALS,"CROP TOTALS, (EXCL HORTICULTURE) - PRODUCTION, MEASURED IN $",TOTAL,NOT SPECIFIED,946827000,
SURVEY,2011,YEAR,,STATE,SOUTH DAKOTA,46,,,,,,,0,,CROP TOTALS,"CROP TOTALS, (EXCL HORTICULTURE) - PRODUCTION, MEASURED IN $",TOTAL,NOT SPECIFIED,7815121000,
SURVEY,2011,YEAR,,STATE,TENNESSEE,47,,,,,,,0,,CROP TOTALS,"CROP TOTALS, (EXCL HORTICULTURE) - PRODUCTION, MEASURED IN $",TOTAL,NOT SPECIFIED,2267154000,
SURVEY,2011,YEAR,,STATE,TEXAS,48,,,,,,,0,,CROP TOTALS,"CROP TOTALS, (EXCL HORTICULTURE) - PRODUCTION, MEASURED IN $",TOTAL,NOT SPECIFIED,4885337000,
SURVEY,2011,YEAR,,STATE,UTAH,49,,,,,,,0,,CROP TOTALS,"CROP TOTALS, (EXCL HORTICULTURE) - PRODUCTION, MEASURED IN $",TOTAL,NOT SPECIFIED,639070000,
SURVEY,2011,YEAR,,STATE,VERMONT,50,,,,,,,0,,CROP TOTALS,"CROP TOTALS, (EXCL HORTICULTURE) - PRODUCTION, MEASURED IN $",TOTAL,NOT SPECIFIED,104568000,
SURVEY,2011,YEAR,,STATE,VIRGINIA,51,,,,,,,0,,CROP TOTALS,"CROP TOTALS, (EXCL HORTICULTURE) - PRODUCTION, MEASURED IN $",TOTAL,NOT SPECIFIED,1477400000,
SURVEY,2011,YEAR,,STATE,WASHINGTON,53,,,,,,,0,,CROP TOTALS,"CROP TOTALS, (EXCL HORTICULTURE) - PRODUCTION, MEASURED IN $",TOTAL,NOT SPECIFIED,6592581000,
SURVEY,2011,YEAR,,STATE,WEST VIRGINIA,54,,,,,,,0,,CROP TOTALS,"CROP TOTALS, (EXCL HORTICULTURE) - PRODUCTION, MEASURED IN $",TOTAL,NOT SPECIFIED,187792000,
SURVEY,2011,YEAR,,STATE,WISCONSIN,55,,,,,,,0,,CROP TOTALS,"CROP TOTALS, (EXCL HORTICULTURE) - PRODUCTION, MEASURED IN $",TOTAL,NOT SPECIFIED,5367824000,
SURVEY,2011,YEAR,,STATE,WYOMING,56,,,,,,,0,,CROP TOTALS,"CROP TOTALS, (EXCL HORTICULTURE) - PRODUCTION, MEASURED IN $",TOTAL,NOT SPECIFIED,529588000,
SURVEY,2010,YEAR,,STATE,ALABAMA,1,,,,,,,0,,CROP TOTALS,"CROP TOTALS, (EXCL HORTICULTURE) - PRODUCTION, MEASURED IN $",TOTAL,NOT SPECIFIED,789333000,
SURVEY,2010,YEAR,,STATE,ARIZONA,4,,,,,,,0,,CROP TOTALS,"CROP TOTALS, (EXCL HORTICULTURE) - PRODUCTION, MEASURED IN $",TOTAL,NOT SPECIFIED,1744955000,
SURVEY,2010,YEAR,,STATE,ARKANSAS,5,,,,,,,0,,CROP TOTALS,"CROP TOTALS, (EXCL HORTICULTURE) - PRODUCTION, MEASURED IN $",TOTAL,NOT SPECIFIED,3550552000,
SURVEY,2010,YEAR,,STATE,CALIFORNIA,6,,,,,,,0,,CROP TOTALS,"CROP TOTALS, (EXCL HORTICULTURE) - PRODUCTION, MEASURED IN $",TOTAL,NOT SPECIFIED,24009157000,
SURVEY,2010,YEAR,,STATE,COLORADO,8,,,,,,,0,,CROP TOTALS,"CROP TOTALS, (EXCL HORTICULTURE) - PRODUCTION, MEASURED IN $",TOTAL,NOT SPECIFIED,2664049000,
SURVEY,2010,YEAR,,STATE,CONNECTICUT,9,,,,,,,0,,CROP TOTALS,"CROP TOTALS, (EXCL HORTICULTURE) - PRODUCTION, MEASURED IN $",TOTAL,NOT SPECIFIED,61760000,
SURVEY,2010,YEAR,,STATE,DELAWARE,10,,,,,,,0,,CROP TOTALS,"CROP TOTALS, (EXCL HORTICULTURE) - PRODUCTION, MEASURED IN $",TOTAL,NOT SPECIFIED,259530000,
SURVEY,2010,YEAR,,STATE,FLORIDA,12,,,,,,,0,,CROP TOTALS,"CROP TOTALS, (EXCL HORTICULTURE) - PRODUCTION, MEASURED IN $",TOTAL,NOT SPECIFIED,4414528000,
SURVEY,2010,YEAR,,STATE,GEORGIA,13,,,,,,,0,,CROP TOTALS,"CROP TOTALS, (EXCL HORTICULTURE) - PRODUCTION, MEASURED IN $",TOTAL,NOT SPECIFIED,2733019000,
SURVEY,2010,YEAR,,STATE,HAWAII,15,,,,,,,0,,CROP TOTALS,"CROP TOTALS, (EXCL HORTICULTURE) - PRODUCTION, MEASURED IN $",TOTAL,NOT SPECIFIED,162482000,
SURVEY,2010,YEAR,,STATE,IDAHO,16,,,,,,,0,,CROP TOTALS,"CROP TOTALS, (EXCL HORTICULTURE) - PRODUCTION, MEASURED IN $",TOTAL,NOT SPECIFIED,3061763000,
SURVEY,2010,YEAR,,STATE,ILLINOIS,17,,,,,,,0,,CROP TOTALS,"CROP TOTALS, (EXCL HORTICULTURE) - PRODUCTION, MEASURED IN $",TOTAL,NOT SPECIFIED,16181926000,
SURVEY,2010,YEAR,,STATE,INDIANA,18,,,,,,,0,,CROP TOTALS,"CROP TOTALS, (EXCL HORTICULTURE) - PRODUCTION, MEASURED IN $",TOTAL,NOT SPECIFIED,8210573000,
SURVEY,2010,YEAR,,STATE,IOWA,19,,,,,,,0,,CROP TOTALS,"CROP TOTALS, (EXCL HORTICULTURE) - PRODUCTION, MEASURED IN $",TOTAL,NOT SPECIFIED,17244186000,
SURVEY,2010,YEAR,,STATE,KANSAS,20,,,,,,,0,,CROP TOTALS,"CROP TOTALS, (EXCL HORTICULTURE) - PRODUCTION, MEASURED IN $",TOTAL,NOT SPECIFIED,7807436000,
SURVEY,2010,YEAR,,STATE,KENTUCKY,21,,,,,,,0,,CROP TOTALS,"CROP TOTALS, (EXCL HORTICULTURE) - PRODUCTION, MEASURED IN $",TOTAL,NOT SPECIFIED,2142355000,
SURVEY,2010,YEAR,,STATE,LOUISIANA,22,,,,,,,0,,CROP TOTALS,"CROP TOTALS, (EXCL HORTICULTURE) - PRODUCTION, MEASURED IN $",TOTAL,NOT SPECIFIED,2141928000,
SURVEY,2010,YEAR,,STATE,MAINE,23,,,,,,,0,,CROP TOTALS,"CROP TOTALS, (EXCL HORTICULTURE) - PRODUCTION, MEASURED IN $",TOTAL,NOT SPECIFIED,277686000,
SURVEY,2010,YEAR,,STATE,MARYLAND,24,,,,,,,0,,CROP TOTALS,"CROP TOTALS, (EXCL HORTICULTURE) - PRODUCTION, MEASURED IN $",TOTAL,NOT SPECIFIED,655152000,
SURVEY,2010,YEAR,,STATE,MASSACHUSETTS,25,,,,,,,0,,CROP TOTALS,"CROP TOTALS, (EXCL HORTICULTURE) - PRODUCTION, MEASURED IN $",TOTAL,NOT SPECIFIED,166155000,
SURVEY,2010,YEAR,,STATE,MICHIGAN,26,,,,,,,0,,CROP TOTALS,"CROP TOTALS, (EXCL HORTICULTURE) - PRODUCTION, MEASURED IN $",TOTAL,NOT SPECIFIED,4364938000,
SURVEY,2010,YEAR,,STATE,MINNESOTA,27,,,,,,,0,,CROP TOTALS,"CROP TOTALS, (EXCL HORTICULTURE) - PRODUCTION, MEASURED IN $",TOTAL,NOT SPECIFIED,12362747000,
SURVEY,2010,YEAR,,STATE,MISSISSIPPI,28,,,,,,,0,,CROP TOTALS,"CROP TOTALS, (EXCL HORTICULTURE) - PRODUCTION, MEASURED IN $",TOTAL,NOT SPECIFIED,2013020000,
SURVEY,2010,YEAR,,STATE,MISSOURI,29,,,,,,,0,,CROP TOTALS,"CROP TOTALS, (EXCL HORTICULTURE) - PRODUCTION, MEASURED IN $",TOTAL,NOT SPECIFIED,5520775000,
SURVEY,2010,YEAR,,STATE,MONTANA,30,,,,,,,0,,CROP TOTALS,"CROP TOTALS, (EXCL HORTICULTURE) - PRODUCTION, MEASURED IN $",TOTAL,NOT SPECIFIED,2310759000,
SURVEY,2010,YEAR,,STATE,NEBRASKA,31,,,,,,,0,,CROP TOTALS,"CROP TOTALS, (EXCL HORTICULTURE) - PRODUCTION, MEASURED IN $",TOTAL,NOT SPECIFIED,11541693000,
SURVEY,2010,YEAR,,STATE,NEVADA,32,,,,,,,0,,CROP TOTALS,"CROP TOTALS, (EXCL HORTICULTURE) - PRODUCTION, MEASURED IN $",TOTAL,NOT SPECIFIED,264681000,
SURVEY,2010,YEAR,,STATE,NEW HAMPSHIRE,33,,,,,,,0,,CROP TOTALS,"CROP TOTALS, (EXCL HORTICULTURE) - PRODUCTION, MEASURED IN $",TOTAL,NOT SPECIFIED,34463000,
SURVEY,2010,YEAR,,STATE,NEW JERSEY,34,,,,,,,0,,CROP TOTALS,"CROP TOTALS, (EXCL HORTICULTURE) - PRODUCTION, MEASURED IN $",TOTAL,NOT SPECIFIED,384542000,
SURVEY,2010,YEAR,,STATE,NEW MEXICO,35,,,,,,,0,,CROP TOTALS,"CROP TOTALS, (EXCL HORTICULTURE) - PRODUCTION, MEASURED IN $",TOTAL,NOT SPECIFIED,736413000,
SURVEY,2010,YEAR,,STATE,NEW YORK,36,,,,,,,0,,CROP TOTALS,"CROP TOTALS, (EXCL HORTICULTURE) - PRODUCTION, MEASURED IN $",TOTAL,NOT SPECIFIED,1859371000,
SURVEY,2010,YEAR,,STATE,NORTH CAROLINA,37,,,,,,,0,,CROP TOTALS,"CROP TOTALS, (EXCL HORTICULTURE) - PRODUCTION, MEASURED IN $",TOTAL,NOT SPECIFIED,2577152000,
SURVEY,2010,YEAR,,STATE,NORTH DAKOTA,38,,,,,,,0,,CROP TOTALS,"CROP TOTALS, (EXCL HORTICULTURE) - PRODUCTION, MEASURED IN $",TOTAL,NOT SPECIFIED,7470866000,
SURVEY,2010,YEAR,,STATE,OHIO,39,,,,,,,0,,CROP TOTALS,"CROP TOTALS, (EXCL HORTICULTURE) - PRODUCTION, MEASURED IN $",TOTAL,NOT SPECIFIED,6133669000,
SURVEY,2010,YEAR,,STATE,OKLAHOMA,40,,,,,,,0,,CROP TOTALS,"CROP TOTALS, (EXCL HORTICULTURE) - PRODUCTION, MEASURED IN $",TOTAL,NOT SPECIFIED,1863975000,
SURVEY,2010,YEAR,,STATE,OREGON,41,,,,,,,0,,CROP TOTALS,"CROP TOTALS, (EXCL HORTICULTURE) - PRODUCTION, MEASURED IN $",TOTAL,NOT SPECIFIED,1872956000,
SURVEY,2010,YEAR,,STATE,PENNSYLVANIA,42,,,,,,,0,,CROP TOTALS,"CROP TOTALS, (EXCL HORTICULTURE) - PRODUCTION, MEASURED IN $",TOTAL,NOT SPECIFIED,2197395000,
SURVEY,2010,YEAR,,STATE,RHODE ISLAND,44,,,,,,,0,,CROP TOTALS,"CROP TOTALS, (EXCL HORTICULTURE) - PRODUCTION, MEASURED IN $",TOTAL,NOT SPECIFIED,9565000,
SURVEY,2010,YEAR,,STATE,SOUTH CAROLINA,45,,,,,,,0,,CROP TOTALS,"CROP TOTALS, (EXCL HORTICULTURE) - PRODUCTION, MEASURED IN $",TOTAL,NOT SPECIFIED,818980000,
SURVEY,2010,YEAR,,STATE,SOUTH DAKOTA,46,,,,,,,0,,CROP TOTALS,"CROP TOTALS, (EXCL HORTICULTURE) - PRODUCTION, MEASURED IN $",TOTAL,NOT SPECIFIED,6195530000,
SURVEY,2010,YEAR,,STATE,TENNESSEE,47,,,,,,,0,,CROP TOTALS,"CROP TOTALS, (EXCL HORTICULTURE) - PRODUCTION, MEASURED IN $",TOTAL,NOT SPECIFIED,1738438000,
SURVEY,2010,YEAR,,STATE,TEXAS,48,,,,,,,0,,CROP TOTALS,"CROP TOTALS, (EXCL HORTICULTURE) - PRODUCTION, MEASURED IN $",TOTAL,NOT SPECIFIED,8439890000,
SURVEY,2010,YEAR,,STATE,UTAH,49,,,,,,,0,,CROP TOTALS,"CROP TOTALS, (EXCL HORTICULTURE) - PRODUCTION, MEASURED IN $",TOTAL,NOT SPECIFIED,374804000,
SURVEY,2010,YEAR,,STATE,VERMONT,50,,,,,,,0,,CROP TOTALS,"CROP TOTALS, (EXCL HORTICULTURE) - PRODUCTION, MEASURED IN $",TOTAL,NOT SPECIFIED,91381000,
SURVEY,2010,YEAR,,STATE,VIRGINIA,51,,,,,,,0,,CROP TOTALS,"CROP TOTALS, (EXCL HORTICULTURE) - PRODUCTION, MEASURED IN $",TOTAL,NOT SPECIFIED,888785000,
SURVEY,2010,YEAR,,STATE,WASHINGTON,53,,,,,,,0,,CROP TOTALS,"CROP TOTALS, (EXCL HORTICULTURE) - PRODUCTION, MEASURED IN $",TOTAL,NOT SPECIFIED,5437206000,
SURVEY,2010,YEAR,,STATE,WEST VIRGINIA,54,,,,,,,0,,CROP TOTALS,"CROP TOTALS, (EXCL HORTICULTURE) - PRODUCTION, MEASURED IN $",TOTAL,NOT SPECIFIED,127222000,
SURVEY,2010,YEAR,,STATE,WISCONSIN,55,,,,,,,0,,CROP TOTALS,"CROP TOTALS, (EXCL HORTICULTURE) - PRODUCTION, MEASURED IN $",TOTAL,NOT SPECIFIED,4722617000,
SURVEY,2010,YEAR,,STATE,WYOMING,56,,,,,,,0,,CROP TOTALS,"CROP TOTALS, (EXCL HORTICULTURE) - PRODUCTION, MEASURED IN $",TOTAL,NOT SPECIFIED,392852000,
SURVEY,2009,YEAR,,STATE,ALABAMA,1,,,,,,,0,,CROP TOTALS,"CROP TOTALS, (EXCL HORTICULTURE) - PRODUCTION, MEASURED IN $",TOTAL,NOT SPECIFIED,740114000,
SURVEY,2009,YEAR,,STATE,ARIZONA,4,,,,,,,0,,CROP TOTALS,"CROP TOTALS, (EXCL HORTICULTURE) - PRODUCTION, MEASURED IN $",TOTAL,NOT SPECIFIED,1484052000,
SURVEY,2009,YEAR,,STATE,ARKANSAS,5,,,,,,,0,,CROP TOTALS,"CROP TOTALS, (EXCL HORTICULTURE) - PRODUCTION, MEASURED IN $",TOTAL,NOT SPECIFIED,3407627000,
SURVEY,2009,YEAR,,STATE,CALIFORNIA,6,,,,,,,0,,CROP TOTALS,"CROP TOTALS, (EXCL HORTICULTURE) - PRODUCTION, MEASURED IN $",TOTAL,NOT SPECIFIED,22412820000,
SURVEY,2009,YEAR,,STATE,COLORADO,8,,,,,,,0,,CROP TOTALS,"CROP TOTALS, (EXCL HORTICULTURE) - PRODUCTION, MEASURED IN $",TOTAL,NOT SPECIFIED,2113014000,
SURVEY,2009,YEAR,,STATE,CONNECTICUT,9,,,,,,,0,,CROP TOTALS,"CROP TOTALS, (EXCL HORTICULTURE) - PRODUCTION, MEASURED IN $",TOTAL,NOT SPECIFIED,54841000,
SURVEY,2009,YEAR,,STATE,DELAWARE,10,,,,,,,0,,CROP TOTALS,"CROP TOTALS, (EXCL HORTICULTURE) - PRODUCTION, MEASURED IN $",TOTAL,NOT SPECIFIED,236747000,
SURVEY,2009,YEAR,,STATE,FLORIDA,12,,,,,,,0,,CROP TOTALS,"CROP TOTALS, (EXCL HORTICULTURE) - PRODUCTION, MEASURED IN $",TOTAL,NOT SPECIFIED,4275809000,
SURVEY,2009,YEAR,,STATE,GEORGIA,13,,,,,,,0,,CROP TOTALS,"CROP TOTALS, (EXCL HORTICULTURE) - PRODUCTION, MEASURED IN $",TOTAL,NOT SPECIFIED,2397089000,
SURVEY,2009,YEAR,,STATE,HAWAII,15,,,,,,,0,,CROP TOTALS,"CROP TOTALS, (EXCL HORTICULTURE) - PRODUCTION, MEASURED IN $",TOTAL,NOT SPECIFIED,136011000,
SURVEY,2009,YEAR,,STATE,IDAHO,16,,,,,,,0,,CROP TOTALS,"CROP TOTALS, (EXCL HORTICULTURE) - PRODUCTION, MEASURED IN $",TOTAL,NOT SPECIFIED,2785261000,
SURVEY,2009,YEAR,,STATE,ILLINOIS,17,,,,,,,0,,CROP TOTALS,"CROP TOTALS, (EXCL HORTICULTURE) - PRODUCTION, MEASURED IN $",TOTAL,NOT SPECIFIED,12028476000,
SURVEY,2009,YEAR,,STATE,INDIANA,18,,,,,,,0,,CROP TOTALS,"CROP TOTALS, (EXCL HORTICULTURE) - PRODUCTION, MEASURED IN $",TOTAL,NOT SPECIFIED,6500032000,
SURVEY,2009,YEAR,,STATE,IOWA,19,,,,,,,0,,CROP TOTALS,"CROP TOTALS, (EXCL HORTICULTURE) - PRODUCTION, MEASURED IN $",TOTAL,NOT SPECIFIED,13734555000,
SURVEY,2009,YEAR,,STATE,KANSAS,20,,,,,,,0,,CROP TOTALS,"CROP TOTALS, (EXCL HORTICULTURE) - PRODUCTION, MEASURED IN $",TOTAL,NOT SPECIFIED,6845208000,
SURVEY,2009,YEAR,,STATE,KENTUCKY,21,,,,,,,0,,CROP TOTALS,"CROP TOTALS, (EXCL HORTICULTURE) - PRODUCTION, MEASURED IN $",TOTAL,NOT SPECIFIED,2432544000,
SURVEY,2009,YEAR,,STATE,LOUISIANA,22,,,,,,,0,,CROP TOTALS,"CROP TOTALS, (EXCL HORTICULTURE) - PRODUCTION, MEASURED IN $",TOTAL,NOT SPECIFIED,1777386000,
SURVEY,2009,YEAR,,STATE,MAINE,23,,,,,,,0,,CROP TOTALS,"CROP TOTALS, (EXCL HORTICULTURE) - PRODUCTION, MEASURED IN $",TOTAL,NOT SPECIFIED,256878000,
SURVEY,2009,YEAR,,STATE,MARYLAND,24,,,,,,,0,,CROP TOTALS,"CROP TOTALS, (EXCL HORTICULTURE) - PRODUCTION, MEASURED IN $",TOTAL,NOT SPECIFIED,598244000,
SURVEY,2009,YEAR,,STATE,MASSACHUSETTS,25,,,,,,,0,,CROP TOTALS,"CROP TOTALS, (EXCL HORTICULTURE) - PRODUCTION, MEASURED IN $",TOTAL,NOT SPECIFIED,159875000,
SURVEY,2009,YEAR,,STATE,MICHIGAN,26,,,,,,,0,,CROP TOTALS,"CROP TOTALS, (EXCL HORTICULTURE) - PRODUCTION, MEASURED IN $",TOTAL,NOT SPECIFIED,3409286000,
SURVEY,2009,YEAR,,STATE,MINNESOTA,27,,,,,,,0,,CROP TOTALS,"CROP TOTALS, (EXCL HORTICULTURE) - PRODUCTION, MEASURED IN $",TOTAL,NOT SPECIFIED,8947669000,
SURVEY,2009,YEAR,,STATE,MISSISSIPPI,28,,,,,,,0,,CROP TOTALS,"CROP TOTALS, (EXCL HORTICULTURE) - PRODUCTION, MEASURED IN $",TOTAL,NOT SPECIFIED,1617816000,
SURVEY,2009,YEAR,,STATE,MISSOURI,29,,,,,,,0,,CROP TOTALS,"CROP TOTALS, (EXCL HORTICULTURE) - PRODUCTION, MEASURED IN $",TOTAL,NOT SPECIFIED,4841939000,
SURVEY,2009,YEAR,,STATE,MONTANA,30,,,,,,,0,,CROP TOTALS,"CROP TOTALS, (EXCL HORTICULTURE) - PRODUCTION, MEASURED IN $",TOTAL,NOT SPECIFIED,1763652000,
SURVEY,2009,YEAR,,STATE,NEBRASKA,31,,,,,,,0,,CROP TOTALS,"CROP TOTALS, (EXCL HORTICULTURE) - PRODUCTION, MEASURED IN $",TOTAL,NOT SPECIFIED,9232265000,
SURVEY,2009,YEAR,,STATE,NEVADA,32,,,,,,,0,,CROP TOTALS,"CROP TOTALS, (EXCL HORTICULTURE) - PRODUCTION, MEASURED IN $",TOTAL,NOT SPECIFIED,298282000,
SURVEY,2009,YEAR,,STATE,NEW HAMPSHIRE,33,,,,,,,0,,CROP TOTALS,"CROP TOTALS, (EXCL HORTICULTURE) - PRODUCTION, MEASURED IN $",TOTAL,NOT SPECIFIED,37952000,
SURVEY,2009,YEAR,,STATE,NEW JERSEY,34,,,,,,,0,,CROP TOTALS,"CROP TOTALS, (EXCL HORTICULTURE) - PRODUCTION, MEASURED IN $",TOTAL,NOT SPECIFIED,401657000,
SURVEY,2009,YEAR,,STATE,NEW MEXICO,35,,,,,,,0,,CROP TOTALS,"CROP TOTALS, (EXCL HORTICULTURE) - PRODUCTION, MEASURED IN $",TOTAL,NOT SPECIFIED,563397000,
SURVEY,2009,YEAR,,STATE,NEW YORK,36,,,,,,,0,,CROP TOTALS,"CROP TOTALS, (EXCL HORTICULTURE) - PRODUCTION, MEASURED IN $",TOTAL,NOT SPECIFIED,1486506000,
SURVEY,2009,YEAR,,STATE,NORTH CAROLINA,37,,,,,,,0,,CROP TOTALS,"CROP TOTALS, (EXCL HORTICULTURE) - PRODUCTION, MEASURED IN $",TOTAL,NOT SPECIFIED,2814109000,
SURVEY,2009,YEAR,,STATE,NORTH DAKOTA,38,,,,,,,0,,CROP TOTALS,"CROP TOTALS, (EXCL HORTICULTURE) - PRODUCTION, MEASURED IN $",TOTAL,NOT SPECIFIED,5482135000,
SURVEY,2009,YEAR,,STATE,OHIO,39,,,,,,,0,,CROP TOTALS,"CROP TOTALS, (EXCL HORTICULTURE) - PRODUCTION, MEASURED IN $",TOTAL,NOT SPECIFIED,4983254000,
SURVEY,2009,YEAR,,STATE,OKLAHOMA,40,,,,,,,0,,CROP TOTALS,"CROP TOTALS, (EXCL HORTICULTURE) - PRODUCTION, MEASURED IN $",TOTAL,NOT SPECIFIED,1285745000,
SURVEY,2009,YEAR,,STATE,OREGON,41,,,,,,,0,,CROP TOTALS,"CROP TOTALS, (EXCL HORTICULTURE) - PRODUCTION, MEASURED IN $",TOTAL,NOT SPECIFIED,1707543000,
SURVEY,2009,YEAR,,STATE,PENNSYLVANIA,42,,,,,,,0,,CROP TOTALS,"CROP TOTALS, (EXCL HORTICULTURE) - PRODUCTION, MEASURED IN $",TOTAL,NOT SPECIFIED,2033584000,
SURVEY,2009,YEAR,,STATE,RHODE ISLAND,44,,,,,,,0,,CROP TOTALS,"CROP TOTALS, (EXCL HORTICULTURE) - PRODUCTION, MEASURED IN $",TOTAL,NOT SPECIFIED,6801000,
SURVEY,2009,YEAR,,STATE,SOUTH CAROLINA,45,,,,,,,0,,CROP TOTALS,"CROP TOTALS, (EXCL HORTICULTURE) - PRODUCTION, MEASURED IN $",TOTAL,NOT SPECIFIED,691260000,
SURVEY,2009,YEAR,,STATE,SOUTH DAKOTA,46,,,,,,,0,,CROP TOTALS,"CROP TOTALS, (EXCL HORTICULTURE) - PRODUCTION, MEASURED IN $",TOTAL,NOT SPECIFIED,5368509000,
SURVEY,2009,YEAR,,STATE,TENNESSEE,47,,,,,,,0,,CROP TOTALS,"CROP TOTALS, (EXCL HORTICULTURE) - PRODUCTION, MEASURED IN $",TOTAL,NOT SPECIFIED,1776192000,
SURVEY,2009,YEAR,,STATE,TEXAS,48,,,,,,,0,,CROP TOTALS,"CROP TOTALS, (EXCL HORTICULTURE) - PRODUCTION, MEASURED IN $",TOTAL,NOT SPECIFIED,5106509000,
SURVEY,2009,YEAR,,STATE,UTAH,49,,,,,,,0,,CROP TOTALS,"CROP TOTALS, (EXCL HORTICULTURE) - PRODUCTION, MEASURED IN $",TOTAL,NOT SPECIFIED,360628000,
SURVEY,2009,YEAR,,STATE,VERMONT,50,,,,,,,0,,CROP TOTALS,"CROP TOTALS, (EXCL HORTICULTURE) - PRODUCTION, MEASURED IN $",TOTAL,NOT SPECIFIED,87228000,
SURVEY,2009,YEAR,,STATE,VIRGINIA,51,,,,,,,0,,CROP TOTALS,"CROP TOTALS, (EXCL HORTICULTURE) - PRODUCTION, MEASURED IN $",TOTAL,NOT SPECIFIED,1047480000,
SURVEY,2009,YEAR,,STATE,WASHINGTON,53,,,,,,,0,,CROP TOTALS,"CROP TOTALS, (EXCL HORTICULTURE) - PRODUCTION, MEASURED IN $",TOTAL,NOT SPECIFIED,4889491000,
SURVEY,2009,YEAR,,STATE,WEST VIRGINIA,54,,,,,,,0,,CROP TOTALS,"CROP TOTALS, (EXCL HORTICULTURE) - PRODUCTION, MEASURED IN $",TOTAL,NOT SPECIFIED,143903000,
SURVEY,2009,YEAR,,STATE,WISCONSIN,55,,,,,,,0,,CROP TOTALS,"CROP TOTALS, (EXCL HORTICULTURE) - PRODUCTION, MEASURED IN $",TOTAL,NOT SPECIFIED,3460972000,
SURVEY,2009,YEAR,,STATE,WYOMING,56,,,,,,,0,,CROP TOTALS,"CROP TOTALS, (EXCL HORTICULTURE) - PRODUCTION, MEASURED IN $",TOTAL,NOT SPECIFIED,390212000,
SURVEY,2008,YEAR,,STATE,ALABAMA,1,,,,,,,0,,CROP TOTALS,"CROP TOTALS, (EXCL HORTICULTURE) - PRODUCTION, MEASURED IN $",TOTAL,NOT SPECIFIED,870795000,
SURVEY,2008,YEAR,,STATE,ARIZONA,4,,,,,,,0,,CROP TOTALS,"CROP TOTALS, (EXCL HORTICULTURE) - PRODUCTION, MEASURED IN $",TOTAL,NOT SPECIFIED,1605533000,
SURVEY,2008,YEAR,,STATE,ARKANSAS,5,,,,,,,0,,CROP TOTALS,"CROP TOTALS, (EXCL HORTICULTURE) - PRODUCTION, MEASURED IN $",TOTAL,NOT SPECIFIED,3947511000,
SURVEY,2008,YEAR,,STATE,CALIFORNIA,6,,,,,,,0,,CROP TOTALS,"CROP TOTALS, (EXCL HORTICULTURE) - PRODUCTION, MEASURED IN $",TOTAL,NOT SPECIFIED,22127288000,
SURVEY,2008,YEAR,,STATE,COLORADO,8,,,,,,,0,,CROP TOTALS,"CROP TOTALS, (EXCL HORTICULTURE) - PRODUCTION, MEASURED IN $",TOTAL,NOT SPECIFIED,2194421000,
SURVEY,2008,YEAR,,STATE,CONNECTICUT,9,,,,,,,0,,CROP TOTALS,"CROP TOTALS, (EXCL HORTICULTURE) - PRODUCTION, MEASURED IN $",TOTAL,NOT SPECIFIED,67679000,
SURVEY,2008,YEAR,,STATE,DELAWARE,10,,,,,,,0,,CROP TOTALS,"CROP TOTALS, (EXCL HORTICULTURE) - PRODUCTION, MEASURED IN $",TOTAL,NOT SPECIFIED,240833000,
SURVEY,2008,YEAR,,STATE,FLORIDA,12,,,,,,,0,,CROP TOTALS,"CROP TOTALS, (EXCL HORTICULTURE) - PRODUCTION, MEASURED IN $",TOTAL,NOT SPECIFIED,4551289000,
SURVEY,2008,YEAR,,STATE,GEORGIA,13,,,,,,,0,,CROP TOTALS,"CROP TOTALS, (EXCL HORTICULTURE) - PRODUCTION, MEASURED IN $",TOTAL,NOT SPECIFIED,2368455000,
SURVEY,2008,YEAR,,STATE,HAWAII,15,,,,,,,0,,CROP TOTALS,"CROP TOTALS, (EXCL HORTICULTURE) - PRODUCTION, MEASURED IN $",TOTAL,NOT SPECIFIED,139964000,
SURVEY,2008,YEAR,,STATE,IDAHO,16,,,,,,,0,,CROP TOTALS,"CROP TOTALS, (EXCL HORTICULTURE) - PRODUCTION, MEASURED IN $",TOTAL,NOT SPECIFIED,3285333000,
SURVEY,2008,YEAR,,STATE,ILLINOIS,17,,,,,,,0,,CROP TOTALS,"CROP TOTALS, (EXCL HORTICULTURE) - PRODUCTION, MEASURED IN $",TOTAL,NOT SPECIFIED,13774507000,
SURVEY,2008,YEAR,,STATE,INDIANA,18,,,,,,,0,,CROP TOTALS,"CROP TOTALS, (EXCL HORTICULTURE) - PRODUCTION, MEASURED IN $",TOTAL,NOT SPECIFIED,6689851000,
SURVEY,2008,YEAR,,STATE,IOWA,19,,,,,,,0,,CROP TOTALS,"CROP TOTALS, (EXCL HORTICULTURE) - PRODUCTION, MEASURED IN $",TOTAL,NOT SPECIFIED,14268676000,
SURVEY,2008,YEAR,,STATE,KANSAS,20,,,,,,,0,,CROP TOTALS,"CROP TOTALS, (EXCL HORTICULTURE) - PRODUCTION, MEASURED IN $",TOTAL,NOT SPECIFIED,7105266000,
SURVEY,2008,YEAR,,STATE,KENTUCKY,21,,,,,,,0,,CROP TOTALS,"CROP TOTALS, (EXCL HORTICULTURE) - PRODUCTION, MEASURED IN $",TOTAL,NOT SPECIFIED,2253791000,
SURVEY,2008,YEAR,,STATE,LOUISIANA,22,,,,,,,0,,CROP TOTALS,"CROP TOTALS, (EXCL HORTICULTURE) - PRODUCTION, MEASURED IN $",TOTAL,NOT SPECIFIED,1744866000,
SURVEY,2008,YEAR,,STATE,MAINE,23,,,,,,,0,,CROP TOTALS,"CROP TOTALS, (EXCL HORTICULTURE) - PRODUCTION, MEASURED IN $",TOTAL,NOT SPECIFIED,272852000,
SURVEY,2008,YEAR,,STATE,MARYLAND,24,,,,,,,0,,CROP TOTALS,"CROP TOTALS, (EXCL HORTICULTURE) - PRODUCTION, MEASURED IN $",TOTAL,NOT SPECIFIED,597792000,
SURVEY,2008,YEAR,,STATE,MASSACHUSETTS,25,,,,,,,0,,CROP TOTALS,"CROP TOTALS, (EXCL HORTICULTURE) - PRODUCTION, MEASURED IN $",TOTAL,NOT SPECIFIED,232068000,
SURVEY,2008,YEAR,,STATE,MICHIGAN,26,,,,,,,0,,CROP TOTALS,"CROP TOTALS, (EXCL HORTICULTURE) - PRODUCTION, MEASURED IN $",TOTAL,NOT SPECIFIED,3571461000,
SURVEY,2008,YEAR,,STATE,MINNESOTA,27,,,,,,,0,,CROP TOTALS,"CROP TOTALS, (EXCL HORTICULTURE) - PRODUCTION, MEASURED IN $",TOTAL,NOT SPECIFIED,9732281000,
SURVEY,2008,YEAR,,STATE,MISSISSIPPI,28,,,,,,,0,,CROP TOTALS,"CROP TOTALS, (EXCL HORTICULTURE) - PRODUCTION, MEASURED IN $",TOTAL,NOT SPECIFIED,2039339000,
SURVEY,2008,YEAR,,STATE,MISSOURI,29,,,,,,,0,,CROP TOTALS,"CROP TOTALS, (EXCL HORTICULTURE) - PRODUCTION, MEASURED IN $",TOTAL,NOT SPECIFIED,5051550000,
SURVEY,2008,YEAR,,STATE,MONTANA,30,,,,,,,0,,CROP TOTALS,"CROP TOTALS, (EXCL HORTICULTURE) - PRODUCTION, MEASURED IN $",TOTAL,NOT SPECIFIED,2009854000,
SURVEY,2008,YEAR,,STATE,NEBRASKA,31,,,,,,,0,,CROP TOTALS,"CROP TOTALS, (EXCL HORTICULTURE) - PRODUCTION, MEASURED IN $",TOTAL,NOT SPECIFIED,9217239000,
SURVEY,2008,YEAR,,STATE,NEVADA,32,,,,,,,0,,CROP TOTALS,"CROP TOTALS, (EXCL HORTICULTURE) - PRODUCTION, MEASURED IN $",TOTAL,NOT SPECIFIED,377370000,
SURVEY,2008,YEAR,,STATE,NEW HAMPSHIRE,33,,,,,,,0,,CROP TOTALS,"CROP TOTALS, (EXCL HORTICULTURE) - PRODUCTION, MEASURED IN $",TOTAL,NOT SPECIFIED,51652000,
SURVEY,2008,YEAR,,STATE,NEW JERSEY,34,,,,,,,0,,CROP TOTALS,"CROP TOTALS, (EXCL HORTICULTURE) - PRODUCTION, MEASURED IN $",TOTAL,NOT SPECIFIED,397193000,
SURVEY,2008,YEAR,,STATE,NEW MEXICO,35,,,,,,,0,,CROP TOTALS,"CROP TOTALS, (EXCL HORTICULTURE) - PRODUCTION, MEASURED IN $",TOTAL,NOT SPECIFIED,588098000,
SURVEY,2008,YEAR,,STATE,NEW YORK,36,,,,,,,0,,CROP TOTALS,"CROP TOTALS, (EXCL HORTICULTURE) - PRODUCTION, MEASURED IN $",TOTAL,NOT SPECIFIED,1857910000,
SURVEY,2008,YEAR,,STATE,NORTH CAROLINA,37,,,,,,,0,,CROP TOTALS,"CROP TOTALS, (EXCL HORTICULTURE) - PRODUCTION, MEASURED IN $",TOTAL,NOT SPECIFIED,2679988000,
SURVEY,2008,YEAR,,STATE,NORTH DAKOTA,38,,,,,,,0,,CROP TOTALS,"CROP TOTALS, (EXCL HORTICULTURE) - PRODUCTION, MEASURED IN $",TOTAL,NOT SPECIFIED,6657458000,
SURVEY,2008,YEAR,,STATE,OHIO,39,,,,,,,0,,CROP TOTALS,"CROP TOTALS, (EXCL HORTICULTURE) - PRODUCTION, MEASURED IN $",TOTAL,NOT SPECIFIED,4467978000,
SURVEY,2008,YEAR,,STATE,OKLAHOMA,40,,,,,,,0,,CROP TOTALS,"CROP TOTALS, (EXCL HORTICULTURE) - PRODUCTION, MEASURED IN $",TOTAL,NOT SPECIFIED,2112190000,
SURVEY,2008,YEAR,,STATE,OREGON,41,,,,,,,0,,CROP TOTALS,"CROP TOTALS, (EXCL HORTICULTURE) - PRODUCTION, MEASURED IN $",TOTAL,NOT SPECIFIED,1866314000,
SURVEY,2008,YEAR,,STATE,PENNSYLVANIA,42,,,,,,,0,,CROP TOTALS,"CROP TOTALS, (EXCL HORTICULTURE) - PRODUCTION, MEASURED IN $",TOTAL,NOT SPECIFIED,2237080000,
SURVEY,2008,YEAR,,STATE,RHODE ISLAND,44,,,,,,,0,,CROP TOTALS,"CROP TOTALS, (EXCL HORTICULTURE) - PRODUCTION, MEASURED IN $",TOTAL,NOT SPECIFIED,9072000,
SURVEY,2008,YEAR,,STATE,SOUTH CAROLINA,45,,,,,,,0,,CROP TOTALS,"CROP TOTALS, (EXCL HORTICULTURE) - PRODUCTION, MEASURED IN $",TOTAL,NOT SPECIFIED,722782000,
SURVEY,2008,YEAR,,STATE,SOUTH DAKOTA,46,,,,,,,0,,CROP TOTALS,"CROP TOTALS, (EXCL HORTICULTURE) - PRODUCTION, MEASURED IN $",TOTAL,NOT SPECIFIED,5727673000,
SURVEY,2008,YEAR,,STATE,TENNESSEE,47,,,,,,,0,,CROP TOTALS,"CROP TOTALS, (EXCL HORTICULTURE) - PRODUCTION, MEASURED IN $",TOTAL,NOT SPECIFIED,1777051000,
SURVEY,2008,YEAR,,STATE,TEXAS,48,,,,,,,0,,CROP TOTALS,"CROP TOTALS, (EXCL HORTICULTURE) - PRODUCTION, MEASURED IN $",TOTAL,NOT SPECIFIED,5832755000,
SURVEY,2008,YEAR,,STATE,UTAH,49,,,,,,,0,,CROP TOTALS,"CROP TOTALS, (EXCL HORTICULTURE) - PRODUCTION, MEASURED IN $",TOTAL,NOT SPECIFIED,545107000,
SURVEY,2008,YEAR,,STATE,VERMONT,50,,,,,,,0,,CROP TOTALS,"CROP TOTALS, (EXCL HORTICULTURE) - PRODUCTION, MEASURED IN $",TOTAL,NOT SPECIFIED,97584000,
SURVEY,2008,YEAR,,STATE,VIRGINIA,51,,,,,,,0,,CROP TOTALS,"CROP TOTALS, (EXCL HORTICULTURE) - PRODUCTION, MEASURED IN $",TOTAL,NOT SPECIFIED,1145620000,
SURVEY,2008,YEAR,,STATE,WASHINGTON,53,,,,,,,0,,CROP TOTALS,"CROP TOTALS, (EXCL HORTICULTURE) - PRODUCTION, MEASURED IN $",TOTAL,NOT SPECIFIED,5098334000,
SURVEY,2008,YEAR,,STATE,WEST VIRGINIA,54,,,,,,,0,,CROP TOTALS,"CROP TOTALS, (EXCL HORTICULTURE) - PRODUCTION, MEASURED IN $",TOTAL,NOT SPECIFIED,149301000,
SURVEY,2008,YEAR,,STATE,WISCONSIN,55,,,,,,,0,,CROP TOTALS,"CROP TOTALS, (EXCL HORTICULTURE) - PRODUCTION, MEASURED IN $",TOTAL,NOT SPECIFIED,3567915000,
SURVEY,2008,YEAR,,STATE,WYOMING,56,,,,,,,0,,CROP TOTALS,"CROP TOTALS, (EXCL HORTICULTURE) - PRODUCTION, MEASURED IN $",TOTAL,NOT SPECIFIED,408521000,
SURVEY,2007,YEAR,,STATE,ALABAMA,1,,,,,,,0,,CROP TOTALS,"CROP TOTALS, (EXCL HORTICULTURE) - PRODUCTION, MEASURED IN $",TOTAL,NOT SPECIFIED,573538000,
SURVEY,2007,YEAR,,STATE,ARIZONA,4,,,,,,,0,,CROP TOTALS,"CROP TOTALS, (EXCL HORTICULTURE) - PRODUCTION, MEASURED IN $",TOTAL,NOT SPECIFIED,1638425000,
SURVEY,2007,YEAR,,STATE,ARKANSAS,5,,,,,,,0,,CROP TOTALS,"CROP TOTALS, (EXCL HORTICULTURE) - PRODUCTION, MEASURED IN $",TOTAL,NOT SPECIFIED,3585250000,
SURVEY,2007,YEAR,,STATE,CALIFORNIA,6,,,,,,,0,,CROP TOTALS,"CROP TOTALS, (EXCL HORTICULTURE) - PRODUCTION, MEASURED IN $",TOTAL,NOT SPECIFIED,20902216000,
SURVEY,2007,YEAR,,STATE,COLORADO,8,,,,,,,0,,CROP TOTALS,"CROP TOTALS, (EXCL HORTICULTURE) - PRODUCTION, MEASURED IN $",TOTAL,NOT SPECIFIED,2252382000,
SURVEY,2007,YEAR,,STATE,CONNECTICUT,9,,,,,,,0,,CROP TOTALS,"CROP TOTALS, (EXCL HORTICULTURE) - PRODUCTION, MEASURED IN $",TOTAL,NOT SPECIFIED,70133000,
SURVEY,2007,YEAR,,STATE,DELAWARE,10,,,,,,,0,,CROP TOTALS,"CROP TOTALS, (EXCL HORTICULTURE) - PRODUCTION, MEASURED IN $",TOTAL,NOT SPECIFIED,206194000,
SURVEY,2007,YEAR,,STATE,FLORIDA,12,,,,,,,0,,CROP TOTALS,"CROP TOTALS, (EXCL HORTICULTURE) - PRODUCTION, MEASURED IN $",TOTAL,NOT SPECIFIED,4541806000,
SURVEY,2007,YEAR,,STATE,GEORGIA,13,,,,,,,0,,CROP TOTALS,"CROP TOTALS, (EXCL HORTICULTURE) - PRODUCTION, MEASURED IN $",TOTAL,NOT SPECIFIED,2142972000,
SURVEY,2007,YEAR,,STATE,HAWAII,15,,,,,,,0,,CROP TOTALS,"CROP TOTALS, (EXCL HORTICULTURE) - PRODUCTION, MEASURED IN $",TOTAL,NOT SPECIFIED,137177000,
SURVEY,2007,YEAR,,STATE,IDAHO,16,,,,,,,0,,CROP TOTALS,"CROP TOTALS, (EXCL HORTICULTURE) - PRODUCTION, MEASURED IN $",TOTAL,NOT SPECIFIED,2723800000,
SURVEY,2007,YEAR,,STATE,ILLINOIS,17,,,,,,,0,,CROP TOTALS,"CROP TOTALS, (EXCL HORTICULTURE) - PRODUCTION, MEASURED IN $",TOTAL,NOT SPECIFIED,13740655000,
SURVEY,2007,YEAR,,STATE,INDIANA,18,,,,,,,0,,CROP TOTALS,"CROP TOTALS, (EXCL HORTICULTURE) - PRODUCTION, MEASURED IN $",TOTAL,NOT SPECIFIED,6974313000,
SURVEY,2007,YEAR,,STATE,IOWA,19,,,,,,,0,,CROP TOTALS,"CROP TOTALS, (EXCL HORTICULTURE) - PRODUCTION, MEASURED IN $",TOTAL,NOT SPECIFIED,15479310000,
SURVEY,2007,YEAR,,STATE,KANSAS,20,,,,,,,0,,CROP TOTALS,"CROP TOTALS, (EXCL HORTICULTURE) - PRODUCTION, MEASURED IN $",TOTAL,NOT SPECIFIED,6204335000,
SURVEY,2007,YEAR,,STATE,KENTUCKY,21,,,,,,,0,,CROP TOTALS,"CROP TOTALS, (EXCL HORTICULTURE) - PRODUCTION, MEASURED IN $",TOTAL,NOT SPECIFIED,1810713000,
SURVEY,2007,YEAR,,STATE,LOUISIANA,22,,,,,,,0,,CROP TOTALS,"CROP TOTALS, (EXCL HORTICULTURE) - PRODUCTION, MEASURED IN $",TOTAL,NOT SPECIFIED,1845251000,
SURVEY,2007,YEAR,,STATE,MAINE,23,,,,,,,0,,CROP TOTALS,"CROP TOTALS, (EXCL HORTICULTURE) - PRODUCTION, MEASURED IN $",TOTAL,NOT SPECIFIED,290173000,
SURVEY,2007,YEAR,,STATE,MARYLAND,24,,,,,,,0,,CROP TOTALS,"CROP TOTALS, (EXCL HORTICULTURE) - PRODUCTION, MEASURED IN $",TOTAL,NOT SPECIFIED,564592000,
SURVEY,2007,YEAR,,STATE,MASSACHUSETTS,25,,,,,,,0,,CROP TOTALS,"CROP TOTALS, (EXCL HORTICULTURE) - PRODUCTION, MEASURED IN $",TOTAL,NOT SPECIFIED,159496000,
SURVEY,2007,YEAR,,STATE,MICHIGAN,26,,,,,,,0,,CROP TOTALS,"CROP TOTALS, (EXCL HORTICULTURE) - PRODUCTION, MEASURED IN $",TOTAL,NOT SPECIFIED,3431493000,
SURVEY,2007,YEAR,,STATE,MINNESOTA,27,,,,,,,0,,CROP TOTALS,"CROP TOTALS, (EXCL HORTICULTURE) - PRODUCTION, MEASURED IN $",TOTAL,NOT SPECIFIED,9476891000,
SURVEY,2007,YEAR,,STATE,MISSISSIPPI,28,,,,,,,0,,CROP TOTALS,"CROP TOTALS, (EXCL HORTICULTURE) - PRODUCTION, MEASURED IN $",TOTAL,NOT SPECIFIED,1926310000,
SURVEY,2007,YEAR,,STATE,MISSOURI,29,,,,,,,0,,CROP TOTALS,"CROP TOTALS, (EXCL HORTICULTURE) - PRODUCTION, MEASURED IN $",TOTAL,NOT SPECIFIED,5091191000,
SURVEY,2007,YEAR,,STATE,MONTANA,30,,,,,,,0,,CROP TOTALS,"CROP TOTALS, (EXCL HORTICULTURE) - PRODUCTION, MEASURED IN $",TOTAL,NOT SPECIFIED,1810258000,
SURVEY,2007,YEAR,,STATE,NEBRASKA,31,,,,,,,0,,CROP TOTALS,"CROP TOTALS, (EXCL HORTICULTURE) - PRODUCTION, MEASURED IN $",TOTAL,NOT SPECIFIED,9375119000,
SURVEY,2007,YEAR,,STATE,NEVADA,32,,,,,,,0,,CROP TOTALS,"CROP TOTALS, (EXCL HORTICULTURE) - PRODUCTION, MEASURED IN $",TOTAL,NOT SPECIFIED,292769000,
SURVEY,2007,YEAR,,STATE,NEW HAMPSHIRE,33,,,,,,,0,,CROP TOTALS,"CROP TOTALS, (EXCL HORTICULTURE) - PRODUCTION, MEASURED IN $",TOTAL,NOT SPECIFIED,39642000,
SURVEY,2007,YEAR,,STATE,NEW JERSEY,34,,,,,,,0,,CROP TOTALS,"CROP TOTALS, (EXCL HORTICULTURE) - PRODUCTION, MEASURED IN $",TOTAL,NOT SPECIFIED,386350000,
SURVEY,2007,YEAR,,STATE,NEW MEXICO,35,,,,,,,0,,CROP TOTALS,"CROP TOTALS, (EXCL HORTICULTURE) - PRODUCTION, MEASURED IN $",TOTAL,NOT SPECIFIED,615576000,
SURVEY,2007,YEAR,,STATE,NEW YORK,36,,,,,,,0,,CROP TOTALS,"CROP TOTALS, (EXCL HORTICULTURE) - PRODUCTION, MEASURED IN $",TOTAL,NOT SPECIFIED,1627516000,
SURVEY,2007,YEAR,,STATE,NORTH CAROLINA,37,,,,,,,0,,CROP TOTALS,"CROP TOTALS, (EXCL HORTICULTURE) - PRODUCTION, MEASURED IN $",TOTAL,NOT SPECIFIED,2117780000,
SURVEY,2007,YEAR,,STATE,NORTH DAKOTA,38,,,,,,,0,,CROP TOTALS,"CROP TOTALS, (EXCL HORTICULTURE) - PRODUCTION, MEASURED IN $",TOTAL,NOT SPECIFIED,6645301000,
SURVEY,2007,YEAR,,STATE,OHIO,39,,,,,,,0,,CROP TOTALS,"CROP TOTALS, (EXCL HORTICULTURE) - PRODUCTION, MEASURED IN $",TOTAL,NOT SPECIFIED,5165368000,
SURVEY,2007,YEAR,,STATE,OKLAHOMA,40,,,,,,,0,,CROP TOTALS,"CROP TOTALS, (EXCL HORTICULTURE) - PRODUCTION, MEASURED IN $",TOTAL,NOT SPECIFIED,1599939000,
SURVEY,2007,YEAR,,STATE,OREGON,41,,,,,,,0,,CROP TOTALS,"CROP TOTALS, (EXCL HORTICULTURE) - PRODUCTION, MEASURED IN $",TOTAL,NOT SPECIFIED,1743145000,
SURVEY,2007,YEAR,,STATE,PENNSYLVANIA,42,,,,,,,0,,CROP TOTALS,"CROP TOTALS, (EXCL HORTICULTURE) - PRODUCTION, MEASURED IN $",TOTAL,NOT SPECIFIED,2317684000,
SURVEY,2007,YEAR,,STATE,RHODE ISLAND,44,,,,,,,0,,CROP TOTALS,"CROP TOTALS, (EXCL HORTICULTURE) - PRODUCTION, MEASURED IN $",TOTAL,NOT SPECIFIED,7610000,
SURVEY,2007,YEAR,,STATE,SOUTH CAROLINA,45,,,,,,,0,,CROP TOTALS,"CROP TOTALS, (EXCL HORTICULTURE) - PRODUCTION, MEASURED IN $",TOTAL,NOT SPECIFIED,527294000,
SURVEY,2007,YEAR,,STATE,SOUTH DAKOTA,46,,,,,,,0,,CROP TOTALS,"CROP TOTALS, (EXCL HORTICULTURE) - PRODUCTION, MEASURED IN $",TOTAL,NOT SPECIFIED,5382032000,
SURVEY,2007,YEAR,,STATE,TENNESSEE,47,,,,,,,0,,CROP TOTALS,"CROP TOTALS, (EXCL HORTICULTURE) - PRODUCTION, MEASURED IN $",TOTAL,NOT SPECIFIED,1194854000,
SURVEY,2007,YEAR,,STATE,TEXAS,48,,,,,,,0,,CROP TOTALS,"CROP TOTALS, (EXCL HORTICULTURE) - PRODUCTION, MEASURED IN $",TOTAL,NOT SPECIFIED,8593475000,
SURVEY,2007,YEAR,,STATE,UTAH,49,,,,,,,0,,CROP TOTALS,"CROP TOTALS, (EXCL HORTICULTURE) - PRODUCTION, MEASURED IN $",TOTAL,NOT SPECIFIED,430959000,
SURVEY,2007,YEAR,,STATE,VERMONT,50,,,,,,,0,,CROP TOTALS,"CROP TOTALS, (EXCL HORTICULTURE) - PRODUCTION, MEASURED IN $",TOTAL,NOT SPECIFIED,93737000,
SURVEY,2007,YEAR,,STATE,VIRGINIA,51,,,,,,,0,,CROP TOTALS,"CROP TOTALS, (EXCL HORTICULTURE) - PRODUCTION, MEASURED IN $",TOTAL,NOT SPECIFIED,950928000,
SURVEY,2007,YEAR,,STATE,WASHINGTON,53,,,,,,,0,,CROP TOTALS,"CROP TOTALS, (EXCL HORTICULTURE) - PRODUCTION, MEASURED IN $",TOTAL,NOT SPECIFIED,5418545000,
SURVEY,2007,YEAR,,STATE,WEST VIRGINIA,54,,,,,,,0,,CROP TOTALS,"CROP TOTALS, (EXCL HORTICULTURE) - PRODUCTION, MEASURED IN $",TOTAL,NOT SPECIFIED,111164000,
SURVEY,2007,YEAR,,STATE,WISCONSIN,55,,,,,,,0,,CROP TOTALS,"CROP TOTALS, (EXCL HORTICULTURE) - PRODUCTION, MEASURED IN $",TOTAL,NOT SPECIFIED,3483346000,
SURVEY,2007,YEAR,,STATE,WYOMING,56,,,,,,,0,,CROP TOTALS,"CROP TOTALS, (EXCL HORTICULTURE) - PRODUCTION, MEASURED IN $",TOTAL,NOT SPECIFIED,361899000,
